PRAGMA foreign_keys=OFF;
BEGIN TRANSACTION;
CREATE TABLE accounts (
    id TEXT PRIMARY KEY,
    spotify_user_id TEXT NOT NULL,
    display_name TEXT,
    email TEXT,
    access_token TEXT NOT NULL,
    refresh_token TEXT NOT NULL,
    token_expires_at INTEGER NOT NULL,
    created_at TEXT DEFAULT (datetime('now')),
    updated_at TEXT DEFAULT (datetime('now'))
  , auth_app_key TEXT DEFAULT 'default');
INSERT INTO accounts VALUES('dfd29616-a7b0-4953-9cbf-501faf408f6f','31wcinrflam27i2daynzrxhzgat4','Jean-Baptiste Cul-Sec','info@spitzaura.io','BQCJ2deCAJ08r76_ET6Ve28Nc0cO395i4h_rRIIcDouTPnqVGBlx-hmcn-bSUBAJdPZyn_0Dj4Rl8DOYb1VEyXu-Hhiw-VdfneI_dAZ25t8c3pa7YXaIg_yE54hYcSGDmVSeRUgWwr89DXbBmqzOtIfFV5-xlO9OUCszBpomyw3uOnBsOWcZJnGy1drTqcHRpMrTeFJ01cqWiJ4305_hgfGMneNrIA-7jwFAmYnjUbBW98bv2db7HPsk4ng7ttysACIpBEFW5I_TWZUY9xzZe2HNq6c9uSM2-j-U3UFHHjRQ_X2Gb_PStygYogNWDcdowtKPb8Ac_f4e','AQBaP5PjPSH9ES5BNLN8wjbJYDnwrMfwRU94V2zQvVhf__W864C_uwlJbK-L6R01eQo2NVbi-zrnERk7JgRrdOP9mWq_XI5NWvNr16puz1Jxup-mK5FOR6hjqe5JG_eP29U',1774135713556,'2026-03-19 17:28:33','2026-03-21 22:28:33','default');
INSERT INTO accounts VALUES('e09d3115-49db-482a-b081-44fae5f17f7e','316rwu5ognimrrvxsornscp5xul4','Spitz Aura Records','spitzaura96@gmail.com','BQD5jDIy5KqILVugCzohgNtuJAQVnJvo19HTuFl9H-ct0KU9i6sanfqixr1USh0PTN9fuNjdTRv0z6xYri6ZF2nbzxCXnH206LJtWTbvQzWgi1K_B2a59LAJUj-iQN8tTMkzvs3fKI2ME9F4qFaOEfnAMG74TKdgMkMOJJOBw3qPv7jP3S0-7FBjZrxth0_aceMHKZMUY2bFI0ioGiGoIZsmxNlpWdumY91dCMMiuGx8APYw97kydq9xDm9327RypDL_tZG7GOEGSlcJoJwpIsM9ZgjOBx6yOXjhoX34HxKkOcAEZR7OjCPnnFNsZJbjM8tnJQ4PaN5G','AQDDed2eGhXxmQF_4RaFPPZ7OjE4ysD2JmQjmPBAnryCfrsaqxRJOTwdHGqbzn3nqqTVT0rDbQEP9VwluYyP6KxPCM7jejt1bMNchAIvFa7N8TRLNekMUppb3BNM4_hdJXE',1774135871256,'2026-03-19 17:42:11','2026-03-21 22:31:11','default');
INSERT INTO accounts VALUES('9ffd7551-7b45-4f9c-9bd7-e81580ba9dc0','1d4z7l1456ih1g2io003vfjvb','Spitz Aura Records','ax2.records@gmail.com','BQAVkwG4f3LkMONpkuTE88Sd6G9tD4IE4OmMt_MZ50-dYkJZ0MylpPWlfRIe6CPqVWgqTP-YK0MfNv71GoPSEfafTBWxBOUH9Kkr3Uvvb7ZIFJXbMAhcIacbVSPiVQ7DCU0a18zxDQVxO52P58vY_OqsAW8dXKujaNgyNmXs9aakWjSXUYMgXW_7DDhd3F9VF-F1l6Bo6ot0xDmj1znCL68NWBq1FB-cu8DDaTpd_4w_WGAbGgnxlJi28dSZ-UOHpopmni8oO23JHeBOl1M39ADHFyrrdeMLLeXL7oCkX_H6zbWrW-Ogi1_3-4K-CGzg4zDE0ldq','AQD9InogQud4GwPXfR3esHJbuu6XN7OPliMNOozos8VOO1z6tmCtaVCTy-KTPbjL97yEtH0_XnrjsOvvSeOWpkhW5GiowkSguTO1G2QyM2hZR5dA-H9DkfLCXrH27g9BpEw',1774135933922,'2026-03-19 17:42:43','2026-03-21 22:32:14','default');
INSERT INTO accounts VALUES('d9b490d2-0e79-4d39-bf8a-7457f64535bb','31v7iad6u55av7eah4eqvubuu7zm','Amélie  Cochon','unmodernized.submissions@gmail.com','BQAOhJ5cUFYC175BzHGZsqRwx82Yyl9M1M0l-OJTnDXB0twyaaD03oN2dwv4bLp50oMhdY24we8OQtObilYTh9l8aVS3LFHsV1MWhRGThC-5CAzldQyx5D2TPEh3TeBbTRNQ2YQX6RxYH-cVbt53LIZAJ2GuPM9ULtlczD8QMlF7D7phATpnjZd7KDJxlaMGWi1On_5Da6NYJkkLvTbK15muMPMeYev07rFjpLbC1xAGm5CVu9RnFKI7x_fJvDtwE0k-1vCba2S2FdWrjNU0LNRh5KxIqP2EWEwFcpOqcBRqFCYqmgiNzuBA7Gscr7oG6KRvzW7PI3d_','AQA34AwcAbBKRuUs-OlKbHGNG2MIYkhLNCgkiQ8TPk3mSgjFBeJOsmYb4xCSai_0RKhBRKwNBjJr_7YYblSIeWI941ov7qSGtwxkO78fNVYrsBJamc2MU2babhnXt0xjpiA',1774135897061,'2026-03-19 17:43:33','2026-03-21 22:31:37','default');
INSERT INTO accounts VALUES('07f058d5-e66d-403d-a234-0fc12ec0b1ad','31555sguchlpnedlxkfqm4b7izae','A S Team','dupontsebastien388@gmail.com','BQCVeSsYiumJHW8CJXaxuG5SMTeN_0xY2IfrxZqXbwo4XSNaNYSTTIs-Ci8tMjbKM1kZKzjiFn9Xi6ScmVny76nN3EBbSt_vorL5KKFtyiSxnP4yZgtXkdzqC-NY_PhQRAChisqyPj2tP1RSXeiz7wnc1uEfhtwgKoXJcXdqQMX7GqBoLbp8o5rSAwtySOyV2GH8yi9KbYzbDurQdMEmc1OqpfzIvxkKF0mpeF4uMiZJ6hSSRO3MiX9XRGdo8iulASXcYbrsg48bCp0SwM_Qo_tgv_6OWvaGS4WzSz5jjIIL0Qa0ICheg9YWYW9KRA14PC2jJeFEAYbz','AQBBL5QSOA_RqhINLLYQ9Mh49pcBapzov6zKSn6gtu_4ne-XzgCHP8rzDsc-st1pLfS4LZzDb33yRizYCSWiu1OYb-0ICEL8cM_dOmRFzKeUktfVxfrYeaG8JD44UT1t3UA',1774135957709,'2026-03-19 17:44:12','2026-03-21 22:32:38','default');
INSERT INTO accounts VALUES('60c46b0e-b25b-471d-b2a8-4ffef828e9c0','31pxxqtmkw35gqvdgrygvruy2soq','Off Key.','chowchowrecords96@gmail.com','BQBRCga-70Xrx5SrMS2mXt6YTWtdvf7Zdq61fTYQ2dhB43GIS-uuTI2JSutr_c7xnO-jS_vI8Rui62v3AwlZLqIAQJ50fxt-rqvgqwvCZZv9h8Hp_2jygObqIaFAIPCZ64Gq3ERILPtvFjOAGKExnGkE_XIoLGYn_cL75yAl7XIUZ7IgJeGlgtTC0wFOYu0euDuLixDwKrKp_5S2j4AJSpLUHOub4SCZqoWecuMXkr3RzQ169tmOUYW1J6to8YIBtRx2dnrGoq5Uw4tCb5kfMooe1qUesfczWQKIiCPPt1u2mVR2ICU8_i5LeZflumHG40twrNDAMg0M','AQDaSlTpajRC4HVXx7z2G4xIp8PDcq8iTdox12dVvkZXl23Jso0kkZ-dY2h-I745ztLHf3IyD415-haNbLuSPi3E46EguLpyoPUSUSMxY3LchgVWrVQAQwIIDDa5Dq7Oq6w',1774135478042,'2026-03-20 13:21:41','2026-03-21 22:24:38','default');
INSERT INTO accounts VALUES('8118b938-9bee-4545-96df-ea5212463369','default','default','','BQDbQBJrhl5OmboK3sfV3UwkhQOmuei-_MOtFc2RbhFyV71tHQbAvWGVzuXv-QanmGeWCh9iiw_xcir97j06xbP5EHM93AvMxDfpYW_OjJuVlehnD5qqzmX7aVkLS2DPJ0ooT3XcQFpUjuAhcCVkd-sH1KUEc9IFBtHZsmxAEkR20GUGv9X-YSMW0TumcBZ6jqypDLSj8rNm4s1M4mL9bsjwmxfmv8dOmjxp19tH4kMZcq1RFDu1v0MOkt6Vk9oXxsnZmdIl_0MxbNv17mWsOKp8DYNGYp3rvCyLplG2Rz4lwUcFFdGIZaLyLeqYbUbPj4OC3RA--FcQ','AQC0d0LDQCz0UKljKg_8vHeBX34jmTsscb6WDi4pAPbLT-wgiNmIux23qZjWfxicy5WqZpHb9VaUErhBgwWvfnmju9XZ1rlQKDdtB3-4hmdIM_rzwszzYMjk-eA3bpFkAMM',1774135835002,'2026-03-20 13:25:49','2026-03-21 22:30:35','default');
INSERT INTO accounts VALUES('c8748bb4-0226-4050-8a1f-185ff7458565','22eykwzjgiikin4elk2fgmcsa','Chowchow  Records','chowchowrecords.submissions@gmail.com','BQCou9ZxTto6A_8-p1QZrq55cHMio9uOtkuQPpjNnQwfQ8dpmNbaKO3GSToC4mRT2ZXtBUegP4dYbOkHuR0uvtwwpYiV25sH-OFVIVlW6M-vRFyMMGqmI9Rf1cGCKQ8Xw5zgQ8gcZBMICUVMWlyeFy4S0r4fYTmeKDz19yv1nNobAG6NJEes8La27Y9bUj5LCZEFlY1yv1_v3lpqbbX-u2YmzVeIpcKkWZKLYNyCQXYy4F1Wg0JxNKqvphb1AZaOvK35BDMQgs6ctpciHl_jRjgJIoB--ygdWmD9dJMtFQmarYbk9oNnheyW8bGns3hzwmPZgA99','AQCPmfHs97OXiZCXG4Y6JvtQJ3lPVJOUdgIY29IO7qScTQifK6M8Bs2kCrcbPBp5Vf2DI3YwQbL0AA9K2lMcQo24TOQTCV0BhRGmL9GaEeP7Q0qpezOu8L3s8j_URRcKe8E',1774135309652,'2026-03-20 16:23:28','2026-03-21 22:21:49','default');
CREATE TABLE master_groups (
    id TEXT PRIMARY KEY,
    name TEXT NOT NULL,
    master_playlist_id TEXT,
    master_playlist_name TEXT,
    master_account_id TEXT,
    created_at TEXT DEFAULT (datetime('now')),
    updated_at TEXT DEFAULT (datetime('now')),
    FOREIGN KEY (master_account_id) REFERENCES accounts(id) ON DELETE SET NULL
  );
INSERT INTO master_groups VALUES('5010206e-11ab-4e94-895a-ad94305e2889','WORKOUT','1NsBp23ndRBZrJoOi7b6hu','workout ','9ffd7551-7b45-4f9c-9bd7-e81580ba9dc0','2026-03-19 17:50:18','2026-03-19 17:53:02');
INSERT INTO master_groups VALUES('457d9c73-cc20-4e26-828f-0a5815cdd199','lounge','4RG7ltbD20xfhS9LsMtyBS','LOUNGE','9ffd7551-7b45-4f9c-9bd7-e81580ba9dc0','2026-03-19 18:19:18','2026-03-19 18:19:29');
INSERT INTO master_groups VALUES('feeed2ef-4375-491f-ae46-40eff060831f','techno','2zRRJCFAcOzNJycuiyKkDW','techno','9ffd7551-7b45-4f9c-9bd7-e81580ba9dc0','2026-03-19 18:42:48','2026-03-19 18:49:20');
INSERT INTO master_groups VALUES('b731cd91-d045-45c2-8b26-1f3d1f4c10a3','focus-cleaning','3xh9JQGBHcRSMyn8FiPnm3','focus','9ffd7551-7b45-4f9c-9bd7-e81580ba9dc0','2026-03-19 18:51:13','2026-03-19 18:51:43');
INSERT INTO master_groups VALUES('756de896-9969-43e7-bb29-3710462a5764','woman power','3uo4pnPVmSedGz38kfSwiH','WOMAN POWER','9ffd7551-7b45-4f9c-9bd7-e81580ba9dc0','2026-03-19 18:54:58','2026-03-19 18:55:20');
INSERT INTO master_groups VALUES('a46a7190-b9b4-4277-a9f9-3cb1b2322589','model','3VqK9eGxm59EJpmsT8Xe82','model','9ffd7551-7b45-4f9c-9bd7-e81580ba9dc0','2026-03-19 19:02:03','2026-03-19 19:03:48');
INSERT INTO master_groups VALUES('8d2dd840-761c-42f4-9612-754fe6c426e4','AFRO HOUSE','47TuFHu7KRB0V8RVDLbEv3','afro house','9ffd7551-7b45-4f9c-9bd7-e81580ba9dc0','2026-03-19 19:04:26','2026-03-19 19:04:53');
CREATE TABLE child_playlists (
    id TEXT PRIMARY KEY,
    group_id TEXT NOT NULL,
    playlist_id TEXT NOT NULL,
    playlist_name TEXT,
    account_id TEXT NOT NULL,
    created_at TEXT DEFAULT (datetime('now')), last_synced_at TEXT, track_count INTEGER DEFAULT 0,
    FOREIGN KEY (group_id) REFERENCES master_groups(id) ON DELETE CASCADE,
    FOREIGN KEY (account_id) REFERENCES accounts(id) ON DELETE CASCADE
  );
INSERT INTO child_playlists VALUES('c7f3efba-2638-4371-a011-497f7e876eab','5010206e-11ab-4e94-895a-ad94305e2889','7jBfEwgmZH1clXT7IkdlcA','Temazos de Gimnasio 2026 🔥 Mejores Canciones para Entrenar y Motivarse | Música de Gimnasio','07f058d5-e66d-403d-a234-0fc12ec0b1ad','2026-03-19 17:53:23','2026-03-20 19:21:20',120);
INSERT INTO child_playlists VALUES('bd595b6d-ded3-46f8-a7b3-d8e8c1e66eab','5010206e-11ab-4e94-895a-ad94305e2889','5JVR1ndF3YKo6oMgvh96bf','TOP 100 RUNNING SONGS 2026 🏃 BEST RUN PLAYLIST | CARDIO MUSIC | WORKOUT HITS','07f058d5-e66d-403d-a234-0fc12ec0b1ad','2026-03-19 17:53:47','2026-03-20 19:21:24',120);
INSERT INTO child_playlists VALUES('a43dfa7c-8719-4d57-8f3c-981181a03205','5010206e-11ab-4e94-895a-ad94305e2889','3Z4YFADoJLEqthXxPhtf6i','Entraînement 2026🔥 HAUTE ÉNERGIE 🔥 MUSIQUE D’EXERCICE 🔥 PLAYLIST CARDIO 🔥 MEILLEURE MUSIQUE DE DANSE','07f058d5-e66d-403d-a234-0fc12ec0b1ad','2026-03-19 17:54:04','2026-03-20 19:21:30',120);
INSERT INTO child_playlists VALUES('b40e05ea-7074-4b18-a38b-c87010ec3e3f','5010206e-11ab-4e94-895a-ad94305e2889','7BL46CZmh3Ych6Aw29GLrC','MÚSICA PARA CORRER 2026 💨 RUNNING PLAYLIST | CARDIO MUSIC | CANCIONES PARA ENTRENAR','07f058d5-e66d-403d-a234-0fc12ec0b1ad','2026-03-19 17:54:33','2026-03-20 19:21:35',120);
INSERT INTO child_playlists VALUES('26c518d7-2f2c-4128-b4ba-c18e4142ef14','5010206e-11ab-4e94-895a-ad94305e2889','7wBUOEfImTs37ADpqzk8rw','Canzoni da Palestra 2026 🔥 Migliori Brani per Allenamento e Motivazione | Musica per la Palestra','07f058d5-e66d-403d-a234-0fc12ec0b1ad','2026-03-19 17:55:24','2026-03-20 19:21:40',120);
INSERT INTO child_playlists VALUES('6370dada-716c-410c-b0ba-acf704864e51','5010206e-11ab-4e94-895a-ad94305e2889','4At8q6JtugvDsaqOFFCKXZ','تمرين 2025🔥 طاقة عالية 🔥 موسيقى التمارين 🔥 قائمة تشغيل الكارديو 🔥 أفضل موسيقى الرقص 🔥','07f058d5-e66d-403d-a234-0fc12ec0b1ad','2026-03-19 17:55:39','2026-03-20 19:21:45',120);
INSERT INTO child_playlists VALUES('9327c9d4-d62e-4484-8f6c-67a3e8cc3198','5010206e-11ab-4e94-895a-ad94305e2889','2xBv6JaNBFVBtmLIsIhhqF','أغاني الجيم الضاربة 2026 🔥 أفضل موسيقى للتمارين والتحفيز | موسيقى للتمرين واللياقة','07f058d5-e66d-403d-a234-0fc12ec0b1ad','2026-03-19 17:56:05','2026-03-20 19:21:50',120);
INSERT INTO child_playlists VALUES('7311257b-cfb5-4985-aeb1-ae88d8931b78','5010206e-11ab-4e94-895a-ad94305e2889','0ujR523kZBDxMXU8bQkE9d','Hits de Sport 2026 🔥 Meilleurs Titres pour l’Entraînement et la Motivation |Musique pour S’entraîner','07f058d5-e66d-403d-a234-0fc12ec0b1ad','2026-03-19 17:56:16','2026-03-20 19:21:55',120);
INSERT INTO child_playlists VALUES('67194202-e980-4ef4-94aa-3665586885dd','5010206e-11ab-4e94-895a-ad94305e2889','0MywRk9AUCxsrVrIJBrtn2','Gym Mujeres 2026  🍑 Workout Femenino | Música para Glúteos, Fuerza y Confianza','d9b490d2-0e79-4d39-bf8a-7457f64535bb','2026-03-19 18:00:18','2026-03-20 19:21:20',120);
INSERT INTO child_playlists VALUES('0fe35b8e-e5e6-49e0-817b-0d3d04a8ae1a','5010206e-11ab-4e94-895a-ad94305e2889','1tnsSAwOHHb0uaS83uaQUr','Actually Good Workout Music ⚡ High Energy Gym Songs | Best Workout Playlist | Curated Gym Playlist','d9b490d2-0e79-4d39-bf8a-7457f64535bb','2026-03-19 18:00:29','2026-03-20 19:21:25',120);
INSERT INTO child_playlists VALUES('b7250844-244c-4838-ad9c-8285e0065c0d','5010206e-11ab-4e94-895a-ad94305e2889','76R3qDWCpaVkMy2c46pUfk','Beast Mode for Girlies 2026 💕💪🏼 Gym Motivation | Strong Women Workout & Confidence','d9b490d2-0e79-4d39-bf8a-7457f64535bb','2026-03-19 18:00:39','2026-03-20 19:21:30',120);
INSERT INTO child_playlists VALUES('fed769c1-d976-403a-b87a-5ce9c32ed561','5010206e-11ab-4e94-895a-ad94305e2889','3CDX3LyzIBg57CMeLsxfmR','Workout Jams for Baddies 2026 💅 Gym Music | High Energy Songs | Confident Workout Playlist','d9b490d2-0e79-4d39-bf8a-7457f64535bb','2026-03-19 18:00:54','2026-03-20 19:21:35',120);
INSERT INTO child_playlists VALUES('6fbdf296-8752-47dc-905d-913ff72166c7','5010206e-11ab-4e94-895a-ad94305e2889','5zOA61kGxUTMeOFsKdiQim','TRÄNINGSMUSIK 2026🔥 | GYMMUSIK | TRÄNINGSMOTIVATION | PEPTALK | TRÄNING | MOTIVATION HITS','d9b490d2-0e79-4d39-bf8a-7457f64535bb','2026-03-19 18:01:10','2026-03-20 19:21:40',120);
INSERT INTO child_playlists VALUES('fac52bf2-5bec-4e7a-9c11-ff5d5283563e','5010206e-11ab-4e94-895a-ad94305e2889','51pFNJcrFSIztabhaKNeSz','CYCLING MOTIVATION 2026🔥 | SPIN CLASS | HIGH ENERGY | ROAD BIKE | BASS BOOSTED | FITNESS HITS','d9b490d2-0e79-4d39-bf8a-7457f64535bb','2026-03-19 18:01:27','2026-03-20 19:21:45',120);
INSERT INTO child_playlists VALUES('9b1eb273-0344-4521-8847-1327c1f603af','5010206e-11ab-4e94-895a-ad94305e2889','7pcojuHnqHjzNrDDwZIFYa','TOP DANCE 2026🔥 | EDM HITS | PARTY MIX | CLUB BANGERS | FESTIVAL ANTHEMS | HOUSE MUSIC','d9b490d2-0e79-4d39-bf8a-7457f64535bb','2026-03-19 18:01:49','2026-03-20 19:21:50',120);
INSERT INTO child_playlists VALUES('64cdda9e-29e1-4fbd-82b6-31313c9b9788','5010206e-11ab-4e94-895a-ad94305e2889','5Zuh2IgYzWTSlxtyEvdDh0','SPORT GIRLS MOTIVATION 2026👑 | GYM MOTIVATION | BADDIE PUMP | FEMALE FITNESS | BASS BOOSTED HITS','d9b490d2-0e79-4d39-bf8a-7457f64535bb','2026-03-19 18:01:59','2026-03-20 19:21:55',120);
INSERT INTO child_playlists VALUES('ffbb160c-ee6e-4e14-acc7-d4f9ead55a63','5010206e-11ab-4e94-895a-ad94305e2889','3gGqAaOe8eg7JVtIhOTpur','WORKOUT SONGS FOR GYM GIRLS 2026🔥 | GYM MOTIVATION | BADDIE PUMP | BASS BOOSTED | FITNESS','d9b490d2-0e79-4d39-bf8a-7457f64535bb','2026-03-19 18:02:21','2026-03-20 19:22:00',120);
INSERT INTO child_playlists VALUES('6843e950-441c-4a3e-8edb-b0d41a1ec5da','5010206e-11ab-4e94-895a-ad94305e2889','0eEU5SKxe7vllc4dDlXx3g','HIGH ENERGY EDM 2026 ⚡ Dance Hits | Gym Motivation | Party Music | Best Electronic Anthems 🔥','d9b490d2-0e79-4d39-bf8a-7457f64535bb','2026-03-19 18:02:35','2026-03-20 19:22:04',120);
INSERT INTO child_playlists VALUES('4932ef21-3c84-4a33-91da-e977a0068f26','5010206e-11ab-4e94-895a-ad94305e2889','0ThT2SrOBryNdYYC0bh6Nh','Baixa Pace 2026 🏃 Corrida Leve | Low Intensity Run | Treino Relaxante | Jogging | Running 🔥','d9b490d2-0e79-4d39-bf8a-7457f64535bb','2026-03-19 18:02:57','2026-03-20 19:22:09',120);
INSERT INTO child_playlists VALUES('ec1138f1-e998-4a0e-9056-e6fa27a60aa4','5010206e-11ab-4e94-895a-ad94305e2889','271gOJ6dZqFWVfAMqTU9je','Energetic Popular Songs 2026 ⚡️ Top Hits | Chart Toppers | High Energy Pop | Party Music 🔥','d9b490d2-0e79-4d39-bf8a-7457f64535bb','2026-03-19 18:03:20','2026-03-20 19:22:14',120);
INSERT INTO child_playlists VALUES('a4845751-dc8d-4c0d-9a57-483ab3bbbef9','5010206e-11ab-4e94-895a-ad94305e2889','0rfoyTxwAL5Mpw5E6nKeF5','ENERGETIC POPULAR SONGS 2026🔥 | TIKTOK VIRAL | TOP HITS | VIBE CHECK | PARTY MIX | TRENDING','d9b490d2-0e79-4d39-bf8a-7457f64535bb','2026-03-19 18:03:39','2026-03-20 19:22:20',120);
INSERT INTO child_playlists VALUES('cd1b66a0-62b7-42c4-80bd-6a6e5fbb0599','5010206e-11ab-4e94-895a-ad94305e2889','2oDUbn30yBEAwAM3rNhYmc','HIGH ENERGY EDM 2026🔥 | FESTIVAL MIX | GYM PUMP | CLUB BANGERS | TECHNO | HARDSTYLE HITS','d9b490d2-0e79-4d39-bf8a-7457f64535bb','2026-03-19 18:03:54','2026-03-20 19:22:26',120);
INSERT INTO child_playlists VALUES('f4e80f38-2e3e-4902-8250-15f7324b586f','5010206e-11ab-4e94-895a-ad94305e2889','2zem5oOC7hMDdXPVo59Myn','Gym Muscle Mommies 2026 💪 Strong Women Workout | Powerlifting & Confidence Music','d9b490d2-0e79-4d39-bf8a-7457f64535bb','2026-03-19 18:04:04','2026-03-20 19:22:30',120);
INSERT INTO child_playlists VALUES('4f9f2490-1ee3-4d04-bc40-4fc0a585d46e','5010206e-11ab-4e94-895a-ad94305e2889','5ZbZGqcVD44RFtg8sELQ20','Revenge Body | Gym Motivation Music | Transformation, Confidence & Power Training','d9b490d2-0e79-4d39-bf8a-7457f64535bb','2026-03-19 18:04:28','2026-03-20 19:22:35',120);
INSERT INTO child_playlists VALUES('84bb8d41-4afd-4486-886d-43e4a4ae4871','5010206e-11ab-4e94-895a-ad94305e2889','0hbyZUNZkWK5edbs9upijV','Hot Girls Lift Heavy💅 | Gym Motivation Music | Strong Women Workout & Power Training','d9b490d2-0e79-4d39-bf8a-7457f64535bb','2026-03-19 18:04:38','2026-03-20 19:22:40',120);
INSERT INTO child_playlists VALUES('7361c452-3e5a-438c-beb3-48171f5df0aa','5010206e-11ab-4e94-895a-ad94305e2889','2BzRQNFBgBQlJO07aXgtzY','Ginástica Funcional Animada 💪 Treino com Energia | Música para HIIT, Cardio e Foco Total','d9b490d2-0e79-4d39-bf8a-7457f64535bb','2026-03-19 18:05:03','2026-03-20 19:22:46',120);
INSERT INTO child_playlists VALUES('b3d7e605-59cd-4055-93af-0e0cb46e97dd','5010206e-11ab-4e94-895a-ad94305e2889','75CBmXRRhxKti87x0ge2iH','Sports Pump Up Music 2026 | Intense Training & Workout Hype Songs for Athletes and Motivation','d9b490d2-0e79-4d39-bf8a-7457f64535bb','2026-03-19 18:05:23','2026-03-20 19:22:51',120);
INSERT INTO child_playlists VALUES('20739d5a-7121-484d-b262-221ac4a970c3','5010206e-11ab-4e94-895a-ad94305e2889','5EkYJ5J8PqhSBvhOsvyHce','Running at 200 BPM | Fast Tempo Music for Sprinting, Cardio & High Intensity Training','d9b490d2-0e79-4d39-bf8a-7457f64535bb','2026-03-19 18:05:33','2026-03-20 19:22:56',120);
INSERT INTO child_playlists VALUES('ab95d646-ce21-4eb4-b5de-30decc9bf2b9','5010206e-11ab-4e94-895a-ad94305e2889','4mPpw1MTcgVMwU1WgOnoXZ','Insane Pump Up Songs 2026 | Ultimate Hype Music Playlist | High Energy Workout & Motivation','d9b490d2-0e79-4d39-bf8a-7457f64535bb','2026-03-19 18:05:57','2026-03-20 19:23:01',120);
INSERT INTO child_playlists VALUES('3e820c50-9c52-4e3c-8947-4a8d251bda03','5010206e-11ab-4e94-895a-ad94305e2889','44O1S9O3yg6TLOXNzfsnHR','Street Racing Vibes 🏎 Night Drive Music | Bass Boosted Car Playlist | High Speed Energy','d9b490d2-0e79-4d39-bf8a-7457f64535bb','2026-03-19 18:06:51','2026-03-20 19:23:06',120);
INSERT INTO child_playlists VALUES('cd77a6f7-d207-4a61-ad5e-99ba07b31403','5010206e-11ab-4e94-895a-ad94305e2889','6tmZhNPnHmewFqFJEhyGn9','Jogging Music 2026 🔥 Running Hits 🔥 Cardio Motivation Playlist 🔥 Cardio Energy Songs','9ffd7551-7b45-4f9c-9bd7-e81580ba9dc0','2026-03-19 18:08:11','2026-03-20 19:21:20',120);
INSERT INTO child_playlists VALUES('3d1731fb-98a0-40dd-9300-1d33d35be48e','5010206e-11ab-4e94-895a-ad94305e2889','4II0yCe6NPQdYcDY647KCL','Gym Para Chicas 2026 💪 Música Motivación | Workout Playlist | Canciones Fitness','9ffd7551-7b45-4f9c-9bd7-e81580ba9dc0','2026-03-19 18:08:31','2026-03-20 19:21:25',120);
INSERT INTO child_playlists VALUES('8c7ca091-bdf6-40a5-a538-75eb19fcde39','5010206e-11ab-4e94-895a-ad94305e2889','2cPLxhXpIxgzpJh8pTfUEK','BEST REMIXES OF ALL TIME ✨ TOP DANCE HITS & DJ MIX PLAYLIST','9ffd7551-7b45-4f9c-9bd7-e81580ba9dc0','2026-03-19 18:08:43','2026-03-20 19:21:29',120);
INSERT INTO child_playlists VALUES('e3795613-e8eb-4bfd-9a15-dfaa191a2747','5010206e-11ab-4e94-895a-ad94305e2889','17DPAI5tPKYHnnmDM2l1YI','Temazos Fiesta Discoteca 2026 🔥 Hits para Bailar | Música de Fiesta | Playlist Reggaeton, Pop & EDM','9ffd7551-7b45-4f9c-9bd7-e81580ba9dc0','2026-03-19 18:08:54','2026-03-20 19:21:35',120);
INSERT INTO child_playlists VALUES('1b639cb9-cc92-4f14-a2b0-90237bc59866','5010206e-11ab-4e94-895a-ad94305e2889','33W5YTAgQ2ikvMqly1cegh','Marathon Running Playlist 🏃‍♀️ Long Distance Training Music | Endurance Running Songs','9ffd7551-7b45-4f9c-9bd7-e81580ba9dc0','2026-03-19 18:09:03','2026-03-20 19:21:39',120);
INSERT INTO child_playlists VALUES('5bbf6ab0-b229-4553-ae36-ac1d41d75f31','5010206e-11ab-4e94-895a-ad94305e2889','6umZStVMjjLe8TUDIbYlJ0','Trail Running Playlist 🏔️ Outdoor Running Songs | Mountain & Nature Run Music','9ffd7551-7b45-4f9c-9bd7-e81580ba9dc0','2026-03-19 18:09:17','2026-03-20 19:21:44',120);
INSERT INTO child_playlists VALUES('bf375080-21ea-4498-b84e-2347c7f2143a','5010206e-11ab-4e94-895a-ad94305e2889','423Tq9gZLjbnm9zhNpmKYO','Ultramarathon Running Playlist 🏃 Extreme Endurance Training Music | Long Distance Songs','9ffd7551-7b45-4f9c-9bd7-e81580ba9dc0','2026-03-19 18:09:26','2026-03-20 19:21:49',120);
INSERT INTO child_playlists VALUES('2f502448-718c-46d5-86e1-9d0ee965e525','5010206e-11ab-4e94-895a-ad94305e2889','45ju0r0inNRi3gaSNLu9zV','Powerlifting Workout Music 🔥 Heavy Gym Songs | Squat • Bench • Deadlift Playlist','9ffd7551-7b45-4f9c-9bd7-e81580ba9dc0','2026-03-19 18:09:43','2026-03-20 19:21:54',120);
INSERT INTO child_playlists VALUES('0fa03048-e362-4911-b2d0-07ad51ca5b4a','5010206e-11ab-4e94-895a-ad94305e2889','1iL3R4fl3EdlPyatwfq9rZ','Bodybuilding Workout Music 💪 Pump Up Gym Songs | Muscle Training Playlist','9ffd7551-7b45-4f9c-9bd7-e81580ba9dc0','2026-03-19 18:10:07','2026-03-20 19:21:59',120);
INSERT INTO child_playlists VALUES('6e7fbd07-4098-4a99-947f-9b4466cdd405','5010206e-11ab-4e94-895a-ad94305e2889','1OtFPE3uHjqNMabJ3L1ojJ','PALESTRA MOTIVATION 2026 💪 CANZONI MOTIVAZIONALI & WORKOUT HITS','9ffd7551-7b45-4f9c-9bd7-e81580ba9dc0','2026-03-19 18:10:17','2026-03-20 19:22:04',120);
INSERT INTO child_playlists VALUES('11d0b2c3-915d-469c-ae50-0d924599b5a8','5010206e-11ab-4e94-895a-ad94305e2889','7jwm0TMuaY108Jj7JkXg6c','GYM SONGS 2026 🎀 WORKOUT PLAYLIST FOR GIRLIES | POP HITS | FITNESS MUSIC','9ffd7551-7b45-4f9c-9bd7-e81580ba9dc0','2026-03-19 18:10:39','2026-03-20 19:22:09',120);
INSERT INTO child_playlists VALUES('bdf7f920-b81a-43fb-8c4c-d91db34da5d5','5010206e-11ab-4e94-895a-ad94305e2889','7uxceFY27zQWB8ROrvBgDu','DEKA FIT Training Music 🏋️ Functional Fitness & Hybrid Workout Playlist','9ffd7551-7b45-4f9c-9bd7-e81580ba9dc0','2026-03-19 18:10:58','2026-03-20 19:22:14',120);
INSERT INTO child_playlists VALUES('c3507fd1-5f4e-48b6-bd56-e69ec81b615e','5010206e-11ab-4e94-895a-ad94305e2889','3beGVugOyQ8SU7za6XrN00','Hyrox Training Music 🏋️‍♂️ Running & Strength Workout Playlist | Fitness Race Songs','9ffd7551-7b45-4f9c-9bd7-e81580ba9dc0','2026-03-19 18:11:18','2026-03-20 19:22:18',120);
INSERT INTO child_playlists VALUES('1755aa9f-5de7-4884-9267-8ff6660f194b','5010206e-11ab-4e94-895a-ad94305e2889','4MqKQ3kQvMMGIRvZbyQG21','Calisthenics Workout Music 🔥 Street Workout & Bodyweight Training Playlist','9ffd7551-7b45-4f9c-9bd7-e81580ba9dc0','2026-03-19 18:11:30','2026-03-20 19:22:24',120);
INSERT INTO child_playlists VALUES('dd6a4554-bd4c-4065-a629-27a5633e7c53','5010206e-11ab-4e94-895a-ad94305e2889','1M2rkl5WUE7Ux8Msy21Us1','Strongman Training Music 💪 Heavy Lifting Songs | Strength Athlete Workout Playlist','9ffd7551-7b45-4f9c-9bd7-e81580ba9dc0','2026-03-19 18:11:43','2026-03-20 19:22:28',120);
INSERT INTO child_playlists VALUES('8cad6058-00e4-4a11-819c-7fab4b0d7c64','5010206e-11ab-4e94-895a-ad94305e2889','5NPjtwvRsdXS1mq7lZfYx0','CrossFit Training Music 💥 High Intensity WOD Songs | Extreme Workout Playlist','9ffd7551-7b45-4f9c-9bd7-e81580ba9dc0','2026-03-19 18:11:54','2026-03-20 19:22:33',120);
INSERT INTO child_playlists VALUES('1cac929e-f35d-4f42-bdfe-1242415d754d','5010206e-11ab-4e94-895a-ad94305e2889','3ndwHSc4CGuGXE8Z0zoNTn','Running Music 180–190 BPM 🏃‍♂️ Fast Songs for Running | High Tempo Workout Playlist','9ffd7551-7b45-4f9c-9bd7-e81580ba9dc0','2026-03-19 18:12:08','2026-03-20 19:22:38',120);
INSERT INTO child_playlists VALUES('8efe9d66-701e-4eaf-ad1f-f22a562db4c5','5010206e-11ab-4e94-895a-ad94305e2889','7sc8zcgRLajttdRNlSSzVn','OCR & Obstacle Race Training Music 🏋️ Spartan • Hyrox • Tough Mudder Playlist','9ffd7551-7b45-4f9c-9bd7-e81580ba9dc0','2026-03-19 18:12:20','2026-03-20 19:22:43',120);
INSERT INTO child_playlists VALUES('853d56a3-1c39-4099-b968-aa45fccafd14','5010206e-11ab-4e94-895a-ad94305e2889','45nRtKltXxWwYbEGpWoe1s','Track & Field Running Music 🎵 Sprint Training Songs | Speed Workout Playlist','9ffd7551-7b45-4f9c-9bd7-e81580ba9dc0','2026-03-19 18:12:36','2026-03-20 19:22:49',120);
INSERT INTO child_playlists VALUES('158dca81-1302-4139-aba9-0d0dbb0f5a65','5010206e-11ab-4e94-895a-ad94305e2889','6NvCEh04jYZvuxlyFns3zV','Correr 2026 🏃‍♂️ Só as Melhores Músicas para Correr, Treinar & Hits de Motivação','e09d3115-49db-482a-b081-44fae5f17f7e','2026-03-19 18:13:12','2026-03-20 19:21:20',120);
INSERT INTO child_playlists VALUES('3a3cc431-80be-4ab7-a0dc-ea15912e5334','5010206e-11ab-4e94-895a-ad94305e2889','4LVWq3qTb9XlHht3JrUF3t','SEXTOU INTERNACIONAL 2026 🌍 HITS DO MUNDO 🔥 MÚSICAS FESTA 🔥 PLAYLIST BALADA','e09d3115-49db-482a-b081-44fae5f17f7e','2026-03-19 18:13:36','2026-03-20 19:21:24',120);
INSERT INTO child_playlists VALUES('e0b8a45e-db7c-4bf3-a144-54aba0e7b5f0','5010206e-11ab-4e94-895a-ad94305e2889','1mkH7GoOMd2iWtxNTXLO2m','MÚSICAS PARA CAMINHADA 2026 🔥 MÚSICAS ENERGÉTICAS 🔥 HITS PARA ANDAR 🔥 PLAYLIST FITNESS','e09d3115-49db-482a-b081-44fae5f17f7e','2026-03-19 18:14:08','2026-03-20 19:21:30',120);
INSERT INTO child_playlists VALUES('cfa5a3db-6bde-4a7c-9bf1-f4ec353f5eb2','5010206e-11ab-4e94-895a-ad94305e2889','6mNV6TZZQv8g0kCfyse696','ZONE 2 RUNNING MIX | EASY RUNNING MUSIC | ENDURANCE CARDIO PLAYLIST','dfd29616-a7b0-4953-9cbf-501faf408f6f','2026-03-19 18:15:02','2026-03-20 19:21:20',120);
INSERT INTO child_playlists VALUES('f1e0ef63-2c67-46bb-8e04-a44089bbd6c7','5010206e-11ab-4e94-895a-ad94305e2889','0F8IpbzmU7gpsPxGKRXVAZ','160-165 CADENCE RUNNING 💪 | 160 BPM RUNNING MUSIC | TEMPO RUN PLAYLIST | CARDIO TRAINING SONGS','dfd29616-a7b0-4953-9cbf-501faf408f6f','2026-03-19 18:16:07','2026-03-20 19:21:27',120);
INSERT INTO child_playlists VALUES('42010c22-4323-4b7a-806a-9e2afa60a8c0','5010206e-11ab-4e94-895a-ad94305e2889','2ZQK5QkTjnWt5x1euoSl59','RUNNING 150-160 BPM 2026 🏃 TREADMILL RUNNING | CARDIO WORKOUT | RUNNING MUSIC | FITNESS MOTIVATION 💪','dfd29616-a7b0-4953-9cbf-501faf408f6f','2026-03-19 18:16:21','2026-03-20 19:21:32',120);
INSERT INTO child_playlists VALUES('e1720e36-0d84-4a98-947e-0cb9620821f5','5010206e-11ab-4e94-895a-ad94305e2889','7eAb697aUOylZhQaV8HwY8','Running 150-160 BPM | 150-160 BPM Running Music | Tempo Run Playlist | Cardio Training Songs','dfd29616-a7b0-4953-9cbf-501faf408f6f','2026-03-19 18:16:29','2026-03-20 19:21:37',120);
INSERT INTO child_playlists VALUES('3bdadc23-f36a-43d8-ae7e-d0ed1535ebcc','5010206e-11ab-4e94-895a-ad94305e2889','2LERIaaG0yeY6xsVsOWPzq','170-171 BPM RUNNING SWEET SPOT ☺️ | RUNNING MUSIC | 170 BPM PLAYLIST | CARDIO TRAINING SONGS','dfd29616-a7b0-4953-9cbf-501faf408f6f','2026-03-19 18:16:45','2026-03-20 19:21:42',120);
INSERT INTO child_playlists VALUES('1649d97c-75dd-42c3-9ef8-39f487cb9e3c','5010206e-11ab-4e94-895a-ad94305e2889','5saftCDLQIRUav1Xh10xqz','RUNNING HYPE PLAYLIST 2026 🔋 RUNNING MUSIC | HYPE WORKOUT SONGS | CARDIO MOTIVATION | GYM BEATS ⚡','dfd29616-a7b0-4953-9cbf-501faf408f6f','2026-03-19 18:17:22','2026-03-20 19:21:47',120);
INSERT INTO child_playlists VALUES('e0e5de61-f789-4675-829e-65ea165c701d','5010206e-11ab-4e94-895a-ad94305e2889','6oRGsBeKXfx6o6NEUWWm5k','hot girl treadmill walk  2026 👟 | treadmill walk playlist | hot girl cardio | gym walking songs 🔥','dfd29616-a7b0-4953-9cbf-501faf408f6f','2026-03-19 18:17:39','2026-03-20 19:21:51',120);
INSERT INTO child_playlists VALUES('d4957d5d-b3a6-40db-a43d-68cba03e1fbf','5010206e-11ab-4e94-895a-ad94305e2889','0pBmG1Rjt298V3GuCqQpV4','RUNNING GIRLIES 2026 🎀 RUNNING PLAYLIST | GYM GIRLS | FITNESS | WORKOUT | FEMALE MOTIVATION 🎧','dfd29616-a7b0-4953-9cbf-501faf408f6f','2026-03-19 18:18:06','2026-03-20 19:21:56',120);
INSERT INTO child_playlists VALUES('61cb87cc-d78d-4a14-9793-ef214bf3d455','457d9c73-cc20-4e26-828f-0a5815cdd199','6FllPs6i810p4fhELUDLRw','Morning Energy Boost 🌞 Happy Vibes & Energizing Mood | Uplifting Pop Songs','07f058d5-e66d-403d-a234-0fc12ec0b1ad','2026-03-19 18:22:51',NULL,0);
INSERT INTO child_playlists VALUES('3ace3639-aa4c-4d99-8f1b-824d59f13728','457d9c73-cc20-4e26-828f-0a5815cdd199','1Rq41GdMqG1VDAlySsPl5F','Cozy Cooking Dinner Vibes | Chill Kitchen Music & Warm Evening Playlist','07f058d5-e66d-403d-a234-0fc12ec0b1ad','2026-03-19 18:23:14',NULL,0);
INSERT INTO child_playlists VALUES('ff8bbe33-fb8b-4c8b-911e-4ccacb71defe','457d9c73-cc20-4e26-828f-0a5815cdd199','0IoKmC5eCUtW4k9mRhWVNi','Cooking & Dancing in the Kitchen 🎶 Pop Songs | Chill Vibes | Feel-Good Playlist','07f058d5-e66d-403d-a234-0fc12ec0b1ad','2026-03-19 18:23:39',NULL,0);
INSERT INTO child_playlists VALUES('7d258628-c70f-48cf-8a28-18cedf4f6f5a','5010206e-11ab-4e94-895a-ad94305e2889','6MCkuRB6KnK3UNluEXEb3q','GYM TEMAZOS MOTIVACION 2026 🔥  Musica Para Gimnasio 2025 💪','07f058d5-e66d-403d-a234-0fc12ec0b1ad','2026-03-19 18:24:04','2026-03-20 19:22:00',120);
INSERT INTO child_playlists VALUES('6510eaee-051c-466f-a7fe-305318a9e4c8','457d9c73-cc20-4e26-828f-0a5815cdd199','4pbiHRVj5I6gYL8SGT7HFL','Temazos Muy Top en Inglés 2026 | Canciones en Inglés | Hits Internacionales','07f058d5-e66d-403d-a234-0fc12ec0b1ad','2026-03-19 18:24:14',NULL,0);
INSERT INTO child_playlists VALUES('6399c993-ea04-4c85-b80c-5b52d892e4ff','457d9c73-cc20-4e26-828f-0a5815cdd199','5T7bvMh1cRpA2nMOO9UAf3','MÚSICA AMBIENTE PARA BARBER SHOP 2025💈 BARBERSHOP VIBES | PLAYLIST BARBER CLUB','07f058d5-e66d-403d-a234-0fc12ec0b1ad','2026-03-19 18:24:32',NULL,0);
INSERT INTO child_playlists VALUES('ecc3fad2-e39a-4b8b-bbd1-0c3d412c6c1d','457d9c73-cc20-4e26-828f-0a5815cdd199','295uAKKf4Lt4O8wCr1vp5R','Beach Club House Mix 2026 – Summer Vibes | Ibiza Style Party Playlist 🔥','07f058d5-e66d-403d-a234-0fc12ec0b1ad','2026-03-19 18:24:40',NULL,0);
INSERT INTO child_playlists VALUES('3fe78874-eb8f-4a75-9473-4c21496ece33','457d9c73-cc20-4e26-828f-0a5815cdd199','4z5cT0KiuT7XO3RBh7zPhC','Lieder zum Viben  2026 🎧 ','07f058d5-e66d-403d-a234-0fc12ec0b1ad','2026-03-19 18:25:57',NULL,0);
INSERT INTO child_playlists VALUES('407e1a3d-53d6-48b3-ae55-f2dc6bfb7778','457d9c73-cc20-4e26-828f-0a5815cdd199','6vB8vhqHCMCxmxYaMoGmB5','RESTAURANTE MÚSICA AMBIENTE  2025🍷 MÚSICA DE FUNDO | PLAYLIST PARA RESTAURANTES','07f058d5-e66d-403d-a234-0fc12ec0b1ad','2026-03-19 18:28:02',NULL,0);
INSERT INTO child_playlists VALUES('dc6094ee-278c-48bf-bd35-fac45881a96d','457d9c73-cc20-4e26-828f-0a5815cdd199','1vUv9ZlfyjDWfEO9SuGUAM','DEEP HOUSE TEMAZOS  2026 🌴 EXITOS & MIX DEEP HOUSE 🌴 HITS PARA BAILAR','07f058d5-e66d-403d-a234-0fc12ec0b1ad','2026-03-19 18:28:43',NULL,0);
INSERT INTO child_playlists VALUES('6d697c29-dab6-4fb3-969a-e78ca9f1e671','457d9c73-cc20-4e26-828f-0a5815cdd199','6E1FSmJCdN1en17uB3nPg3','Deep House Summer Mix  2026 🌴 Chill House & Nu Disco | Sunset Vibes Playlist','07f058d5-e66d-403d-a234-0fc12ec0b1ad','2026-03-19 18:28:51',NULL,0);
INSERT INTO child_playlists VALUES('880edafe-6148-47e5-93dd-aa6ee10a5785','457d9c73-cc20-4e26-828f-0a5815cdd199','3Hr4In5i1qLX1v0bhd5LHD','Rooftop Deep House 2026 🍹 Chill House & Nu Disco Vibes | Lounge Playlist','07f058d5-e66d-403d-a234-0fc12ec0b1ad','2026-03-19 18:29:01',NULL,0);
INSERT INTO child_playlists VALUES('2599aba7-e2b1-4ebc-ad21-ad284076381b','457d9c73-cc20-4e26-828f-0a5815cdd199','1eU3Olt8ZhKCerUvnXMSFK','Loja Animada  2026 🎉 Músicas Animadas para Lojas 🎶  Música Ambiente Comercial','07f058d5-e66d-403d-a234-0fc12ec0b1ad','2026-03-19 18:29:34',NULL,0);
INSERT INTO child_playlists VALUES('0254ba7c-e3ac-4b8f-9ff3-62ee2cd93d15','457d9c73-cc20-4e26-828f-0a5815cdd199','3flVaHkYvK6WqZ7c7z1tNI','Padel Music Playlist / Pedal Songs 2026 / Música para jugar al Pádel 2026','07f058d5-e66d-403d-a234-0fc12ec0b1ad','2026-03-19 18:29:47',NULL,0);
INSERT INTO child_playlists VALUES('43520453-6933-45b4-92b0-8900d50d8de6','457d9c73-cc20-4e26-828f-0a5815cdd199','52nHyrIq6t2EzApOQ48iFY','MÚSICA PARA VIAJAR 2026 🚗 ROAD TRIP | CANCIONES PARA CONDUCIR | CHILL DRIVING PLAYLIST  🌍','d9b490d2-0e79-4d39-bf8a-7457f64535bb','2026-03-19 18:30:39',NULL,0);
INSERT INTO child_playlists VALUES('51b34d03-d762-4bea-9e45-4d4b1050eb9d','457d9c73-cc20-4e26-828f-0a5815cdd199','2uiDoBKJsiRzOdKIirqb7f','Restaurante Elegante 2026 🥂 Dinner Playlist | Luxury | Fine Dining Background Music ✨','d9b490d2-0e79-4d39-bf8a-7457f64535bb','2026-03-19 18:30:46',NULL,0);
INSERT INTO child_playlists VALUES('21bc5dd7-d4aa-49bb-a156-1491c3ab8cd7','457d9c73-cc20-4e26-828f-0a5815cdd199','03G6loeCRP6K4SLFp1CG2g','Trabajando en la Oficina 2026 ☕ Música para Concentrarse | Office Vibes & Trabajo Productivo','d9b490d2-0e79-4d39-bf8a-7457f64535bb','2026-03-19 18:31:03',NULL,0);
INSERT INTO child_playlists VALUES('589ae819-b943-46f9-803e-e6f27267ec06','457d9c73-cc20-4e26-828f-0a5815cdd199','0cgIpPu8r71dsbHquOHheU','Cafetería Aesthetic 2026 ☕ Música Café | Coffee Shop Vibes | Playlist Chill | Ambiente Relax ☕','d9b490d2-0e79-4d39-bf8a-7457f64535bb','2026-03-19 18:31:13',NULL,0);
INSERT INTO child_playlists VALUES('92fcf992-426f-4c06-bae4-f41ef4439b49','457d9c73-cc20-4e26-828f-0a5815cdd199','0wrUsm4V1vMx8RNmZvLSwa','CHILL AND GOODVIBES SONGS 2026 🌴 RELAXING MOOD | CALM VIBES | LOUNGE | CAFE AMBIENCE 🌴','d9b490d2-0e79-4d39-bf8a-7457f64535bb','2026-03-19 18:31:26',NULL,0);
INSERT INTO child_playlists VALUES('c3d2fce8-da7b-4880-9089-07814e79f399','457d9c73-cc20-4e26-828f-0a5815cdd199','5i0djiIHM0Sy9BlLjieMne','TEMAZOS CHILL OUT 2026 🌅 RELAJACIÓN | TRANQUILIDAD | AMBIENTE | MUSICA PARA DESCONECTAR ✨','d9b490d2-0e79-4d39-bf8a-7457f64535bb','2026-03-19 18:35:20',NULL,0);
INSERT INTO child_playlists VALUES('2949ab23-311c-4f1d-acc7-1d85a6542271','457d9c73-cc20-4e26-828f-0a5815cdd199','7MjIDOuIYlEQCnhaKDl6Ng','Quiet Coffee Morning – Calm Café Music | Soft Acoustic & Chill Vibes','d9b490d2-0e79-4d39-bf8a-7457f64535bb','2026-03-19 18:35:20',NULL,0);
INSERT INTO child_playlists VALUES('81544bfc-fb67-4ffe-a62b-f654d4bac327','457d9c73-cc20-4e26-828f-0a5815cdd199','3DHEsrVwTNypVSpFRApLVY','SAUNA & CHILL 2026 🧘 RELAXATION | WELLNESS | AMBIENT | SPA DAY RELAXING LOUNGE PLAYLIST 🌿','d9b490d2-0e79-4d39-bf8a-7457f64535bb','2026-03-19 18:35:20',NULL,0);
INSERT INTO child_playlists VALUES('be9723b6-fc0a-450e-a08a-0242a5d9f67c','457d9c73-cc20-4e26-828f-0a5815cdd199','6JdtL1vv5Wg74OdYW9WvQO','CLÍNICAS 2026 🏥 CONSULTÓRIOS | SALAS DE ESPERA | PLAYLIST | AMBIENTE RELAXANTE E CALMO 🌿','d9b490d2-0e79-4d39-bf8a-7457f64535bb','2026-03-19 18:35:20',NULL,0);
INSERT INTO child_playlists VALUES('7491b61e-47ea-4cb3-9447-301a9fc9f5b1','457d9c73-cc20-4e26-828f-0a5815cdd199','4K8x6ouIySMQ3lSj6aUC90','calm songs to relax my anxiety 💗 | soothing music for stress relief & overthinking','d9b490d2-0e79-4d39-bf8a-7457f64535bb','2026-03-19 18:35:20',NULL,0);
INSERT INTO child_playlists VALUES('cc373680-759b-4426-b3d4-fb18e47af50b','457d9c73-cc20-4e26-828f-0a5815cdd199','4YfkuF1WBVAUCwjg6lPlGy','songs everyone knows 🔥| Viral Classics & Sing-Along Hits','d9b490d2-0e79-4d39-bf8a-7457f64535bb','2026-03-19 18:35:20',NULL,0);
INSERT INTO child_playlists VALUES('68b6acc8-99f1-4fa4-bf48-8a662097edaa','457d9c73-cc20-4e26-828f-0a5815cdd199','0UqqrI5p873V58TfGfd1om','Songs Everyone Knows the Lyrics To | Iconic Sing-Along Hits | Timeless Pop Classics','d9b490d2-0e79-4d39-bf8a-7457f64535bb','2026-03-19 18:35:20',NULL,0);
INSERT INTO child_playlists VALUES('7c4033d1-ac69-461b-8e97-1f735f3fe9da','457d9c73-cc20-4e26-828f-0a5815cdd199','1IpQIKnI00KsxqvlZ5DsHH','Uber Music 2026 🚘 Best Songs for Driving | Chill & Party Vibes | Car Playlist','9ffd7551-7b45-4f9c-9bd7-e81580ba9dc0','2026-03-19 18:36:39',NULL,0);
INSERT INTO child_playlists VALUES('ca778e71-3791-4e71-943a-b28b977512e1','457d9c73-cc20-4e26-828f-0a5815cdd199','4lcUaow3Zm1NDJy7FBBYpE','WHITE GIRLS MUSIC 2026 💖 POP SONGS, GIRLY HITS & FUN PLAYLIST ','9ffd7551-7b45-4f9c-9bd7-e81580ba9dc0','2026-03-19 18:36:39',NULL,0);
INSERT INTO child_playlists VALUES('6b330108-958d-4517-b263-21f6aed385d2','457d9c73-cc20-4e26-828f-0a5815cdd199','2OGPWYzdgppbo2s6zCOrER','GIRLY POP SONGS 💖 CATCHY POP MUSIC 💖 ICONIC GIRLS ANTHEMS💖 Girl Power Playlist💖GIRLY GIRL ENERGY💖','9ffd7551-7b45-4f9c-9bd7-e81580ba9dc0','2026-03-19 18:36:39',NULL,0);
INSERT INTO child_playlists VALUES('31779b30-cc5c-460d-a65f-51c06172a812','457d9c73-cc20-4e26-828f-0a5815cdd199','2BJ7OLPnSajmfGMcMT5Zhm','SALON MUSIC 2026  🎶 LOUNGE, SPA & BARBERSHOP BACKGROUND CHILLOUT','9ffd7551-7b45-4f9c-9bd7-e81580ba9dc0','2026-03-19 18:36:39',NULL,0);
INSERT INTO child_playlists VALUES('4295b5b1-3485-4fa8-9222-0960b6d23d80','457d9c73-cc20-4e26-828f-0a5815cdd199','5eme9efoTAc8zEWf11A5nc','MÚSICAS PARA ACORDAR FELIZ 2026 🌞 HITS DE BOM HUMOR & MOTIVAÇÃO MATINAL','9ffd7551-7b45-4f9c-9bd7-e81580ba9dc0','2026-03-19 18:36:39',NULL,0);
INSERT INTO child_playlists VALUES('b20c46b6-d6ca-4825-8b13-edbfdb4eb3f8','457d9c73-cc20-4e26-828f-0a5815cdd199','78KqJ9HRkJyBwiautsL22z','CAFÉ DEL MAR 2026  🌅 LOUNGE & CHILL HOUSE MUSIC PLAYLIST','9ffd7551-7b45-4f9c-9bd7-e81580ba9dc0','2026-03-19 18:36:39',NULL,0);
INSERT INTO child_playlists VALUES('29736854-a6c6-4275-ae30-99eddab209f5','457d9c73-cc20-4e26-828f-0a5815cdd199','1VCEdaBWeVrZHjteUGH7hd','LUXURY HOTEL LOUNGE ✨ CHILLOUT & LOUNGE MUSIC PLAYLIST 2026','9ffd7551-7b45-4f9c-9bd7-e81580ba9dc0','2026-03-19 18:36:39',NULL,0);
INSERT INTO child_playlists VALUES('5eb75286-1a7a-44aa-9dd3-035d13e5dfcb','457d9c73-cc20-4e26-828f-0a5815cdd199','5PnmHt9a3VgxY6G8o0TJ3F','Música para Trabajar Concentrado 💻 Focus & Concentration | Playlist Productividad | Música de Fondo','9ffd7551-7b45-4f9c-9bd7-e81580ba9dc0','2026-03-19 18:36:39',NULL,0);
INSERT INTO child_playlists VALUES('1b935f7a-2e41-427c-83a9-25f68ecc9c7d','457d9c73-cc20-4e26-828f-0a5815cdd199','3hWHwNIksMmfcZfWhme6Iq','Shop Music 2026 👜 Chill Shopping Playlist | Background Music for Stores | Retail Vibes','9ffd7551-7b45-4f9c-9bd7-e81580ba9dc0','2026-03-19 18:36:39',NULL,0);
INSERT INTO child_playlists VALUES('16be341c-9337-444e-96f8-980ba0096774','457d9c73-cc20-4e26-828f-0a5815cdd199','7J9CZ88EK2Qp36ndApehnJ','HOUSE TEMAZOS 2026 🔥 EXITOS HOUSE 🔥 MIX DE HOUSE 🔥 HITS PARA BAILAR','9ffd7551-7b45-4f9c-9bd7-e81580ba9dc0','2026-03-19 18:36:39',NULL,0);
INSERT INTO child_playlists VALUES('b8c84dbd-6bb7-43b7-9f3b-83b9790df82f','457d9c73-cc20-4e26-828f-0a5815cdd199','7AOPnobp5eQ9cXvQvkXC05','SALON MUSIC 2026  🎶 CHILLOUT LOUNGE SONGS 🌙 RELAXING BACKGROUND PLAYLIST','9ffd7551-7b45-4f9c-9bd7-e81580ba9dc0','2026-03-19 18:36:39',NULL,0);
INSERT INTO child_playlists VALUES('5aa1ae2a-bb03-466d-869c-6ffd4f493f3c','457d9c73-cc20-4e26-828f-0a5815cdd199','6RSq3ndtg9ZQ8k62j2k5eS','PILATES FLOW 2026 🧘🏼‍♀️🧘🏾‍♂️ CHILLOUT, YOGA & WELLNESS MUSIC','9ffd7551-7b45-4f9c-9bd7-e81580ba9dc0','2026-03-19 18:36:39',NULL,0);
INSERT INTO child_playlists VALUES('04ebd658-38a8-46e5-a34b-ce04967f1918','457d9c73-cc20-4e26-828f-0a5815cdd199','6oLRqGJ92P5uC458W6FdBZ','Música Electrónica Suave 🎧 Chill Electronic | Downtempo | Ambient Beats','9ffd7551-7b45-4f9c-9bd7-e81580ba9dc0','2026-03-19 18:36:39',NULL,0);
INSERT INTO child_playlists VALUES('ad1b1f27-8c3d-441a-9e72-77ba65d409d5','457d9c73-cc20-4e26-828f-0a5815cdd199','7I7SBsZ4RVZ8LRtfyyrUMq','Eletrônica Relaxante 🎧 Chill Electronic Music | Música para Relaxar | Ambient & Downtempo','9ffd7551-7b45-4f9c-9bd7-e81580ba9dc0','2026-03-19 18:36:39',NULL,0);
INSERT INTO child_playlists VALUES('1fb01516-ecba-4365-a4df-d2677a280da5','457d9c73-cc20-4e26-828f-0a5815cdd199','5I7bruwqJ4VFn0c90E68Wj','ROAD TRIP HITS 2026 🚗 BEST SONGS FOR TRAVEL 🎶 SUMMER DRIVE PLAYLIST','9ffd7551-7b45-4f9c-9bd7-e81580ba9dc0','2026-03-19 18:36:39',NULL,0);
INSERT INTO child_playlists VALUES('3a248358-aa24-4908-9f0e-95379015a353','457d9c73-cc20-4e26-828f-0a5815cdd199','4pzJzfH5vwecpoyUKAic52','Surf Music 2026🏄 Summer Vibes | Beach Songs | Chill Surf Playlist','9ffd7551-7b45-4f9c-9bd7-e81580ba9dc0','2026-03-19 18:36:39',NULL,0);
INSERT INTO child_playlists VALUES('c29769ca-3201-4d70-a74e-c25e0968e5da','457d9c73-cc20-4e26-828f-0a5815cdd199','1oj8FSrX9GUSsPgNO1UM8i','Chillout de Temas Conocidos 2026 🎶 Versiones Relax | Covers Chillout | Música Suave Internacional','9ffd7551-7b45-4f9c-9bd7-e81580ba9dc0','2026-03-19 18:36:39',NULL,0);
INSERT INTO child_playlists VALUES('5d274e53-412f-44b5-8e16-b15701a32ca9','457d9c73-cc20-4e26-828f-0a5815cdd199','2sBnybw1cLnnfbM2Jg81eN','Lounge Covers of Popular Songs 2026 🎶 Chillout Lounge Music | Bar & Restaurant Covers Playlist','9ffd7551-7b45-4f9c-9bd7-e81580ba9dc0','2026-03-19 18:36:39',NULL,0);
INSERT INTO child_playlists VALUES('2b2f888b-5260-43c9-989f-4ce46515a0e4','457d9c73-cc20-4e26-828f-0a5815cdd199','3OOS9DM5Cp7VEXz37gRjUO','BANHO RELAXANTE 🛁 MÚSICA RELAXANTE PARA BANHO, SPA, MEDITAÇÃO E DESCANSO','9ffd7551-7b45-4f9c-9bd7-e81580ba9dc0','2026-03-19 18:36:39',NULL,0);
INSERT INTO child_playlists VALUES('dece3c43-7410-48ca-8797-3d9deef558e7','457d9c73-cc20-4e26-828f-0a5815cdd199','3mUKD7ZHgRJc20I1vMGuBi','CHILL COVERS 2026 🎶 POPULAR SONGS | ACOUSTIC HITS | RELAXING VERSIONS','9ffd7551-7b45-4f9c-9bd7-e81580ba9dc0','2026-03-19 18:36:39',NULL,0);
INSERT INTO child_playlists VALUES('b23a5a03-b950-42e0-b4c3-f090ef67a251','457d9c73-cc20-4e26-828f-0a5815cdd199','5k0S6wDETLtmNeWzmW0r3o','ENTSPANNENDE LIEDER 2026 🧡 CHILLOUT MUSIK 🌙 RUHIGE SONGS FÜR RELAXEN','9ffd7551-7b45-4f9c-9bd7-e81580ba9dc0','2026-03-19 18:36:39',NULL,0);
INSERT INTO child_playlists VALUES('303d3bc7-77ab-421c-80e6-3cc59dbb1e59','457d9c73-cc20-4e26-828f-0a5815cdd199','4r8pqAAagho3Gt0Gd1lStN','LOUNGE COVERS 2026 🎷 POPULAR SONGS 🎶 CHILLOUT PLAYLIST 🌙 ACOUSTIC HITS','9ffd7551-7b45-4f9c-9bd7-e81580ba9dc0','2026-03-19 18:36:39',NULL,0);
INSERT INTO child_playlists VALUES('70e86511-bdc4-4a98-bf17-08f588d62933','457d9c73-cc20-4e26-828f-0a5815cdd199','0HiVs8C450s8fjcyJGRZMM','MÚSICA PARA LEVANTAR EL ÁNIMO 2026 🌞 CANCIONES FELICES DE MAÑANA ','9ffd7551-7b45-4f9c-9bd7-e81580ba9dc0','2026-03-19 18:36:39',NULL,0);
INSERT INTO child_playlists VALUES('abb26790-aafb-4514-a4b0-fb294675d2fb','457d9c73-cc20-4e26-828f-0a5815cdd199','6ZbJiQ9IejRFIiEEJOM1Nk','BEAUTY & HAIR SALON 💅🏼 CHILLOUT SPA BACKGROUND MUSIC','9ffd7551-7b45-4f9c-9bd7-e81580ba9dc0','2026-03-19 18:36:39',NULL,0);
INSERT INTO child_playlists VALUES('e27ca426-23f4-49a7-b911-1eb24c198c52','457d9c73-cc20-4e26-828f-0a5815cdd199','4PoioQks5AVh9WSc3m1S6j','MÚSICA PARA ESTUDIAR 2026 📖 CONCENTRARSE, LEER Y TRABAJAR PLAYLIST ','9ffd7551-7b45-4f9c-9bd7-e81580ba9dc0','2026-03-19 18:36:39',NULL,0);
INSERT INTO child_playlists VALUES('34c4e747-13da-4585-afda-7cd3c93aed87','457d9c73-cc20-4e26-828f-0a5815cdd199','4x6Yz9IUJrmKzxIbl6F5wB','OFFICE MUSIC CHILL 2025 💻 RELAXING WORK SONGS & FOCUS PLAYLIST','9ffd7551-7b45-4f9c-9bd7-e81580ba9dc0','2026-03-19 18:36:39',NULL,0);
INSERT INTO child_playlists VALUES('839ebf56-635b-4921-8ebf-4d4cfd344769','457d9c73-cc20-4e26-828f-0a5815cdd199','7w3FKKYefFKerX23Qe7n16','Música Para Tiendas 2026 🛍️ Canciones Pop Chill & Música de Fondo Para Negocios','9ffd7551-7b45-4f9c-9bd7-e81580ba9dc0','2026-03-19 18:36:39',NULL,0);
INSERT INTO child_playlists VALUES('39d2a65a-2c87-4d22-b457-d6fb85b0fc72','457d9c73-cc20-4e26-828f-0a5815cdd199','03TaELEm2XndeJrYqVa8Sh','Chill House 2026','9ffd7551-7b45-4f9c-9bd7-e81580ba9dc0','2026-03-19 18:36:39',NULL,0);
INSERT INTO child_playlists VALUES('460f89e2-07f1-4267-a2dd-71efb9b617b9','457d9c73-cc20-4e26-828f-0a5815cdd199','0dCFNQKkKKM3m7nLPeirvQ','Pilates Dinámico 🧘‍♀️ Música Energética | Playlist Fitness | Música para Pilates','e09d3115-49db-482a-b081-44fae5f17f7e','2026-03-19 18:37:14',NULL,0);
INSERT INTO child_playlists VALUES('2bc21ea7-a97f-4c11-a049-b7694b31afa7','457d9c73-cc20-4e26-828f-0a5815cdd199','0wJLmc7EZTJoNDr6Kh2Pyw','Chill Out Temazos – Relaxing Lounge, Calm Vibes & Study Music','e09d3115-49db-482a-b081-44fae5f17f7e','2026-03-19 18:37:14',NULL,0);
INSERT INTO child_playlists VALUES('c421ea07-85cf-461e-94f7-c6916e1dc8ad','457d9c73-cc20-4e26-828f-0a5815cdd199','4Fa8rvf68Qv3fxQvQE7eSJ','Música Alegre para Despertar – Happy Morning Vibes & Wake Up Songs','e09d3115-49db-482a-b081-44fae5f17f7e','2026-03-19 18:37:14',NULL,0);
INSERT INTO child_playlists VALUES('4ebc4d2e-bf64-490b-8a23-aac1332cf5dd','457d9c73-cc20-4e26-828f-0a5815cdd199','1p6XvgI5DO8I6Q6rGrvTQe','Restaurant Music 2026 🍽 Chill Covers, Dinner Songs & Background Jazz','e09d3115-49db-482a-b081-44fae5f17f7e','2026-03-19 18:37:14',NULL,0);
INSERT INTO child_playlists VALUES('1970a09f-28dd-4071-839e-4a415b0ede59','457d9c73-cc20-4e26-828f-0a5815cdd199','7aC7h6gz4IkLtDPelRHASB','Soft Songs 2026 – Chill Pop, Relaxing Hits & Calm Vibes','e09d3115-49db-482a-b081-44fae5f17f7e','2026-03-19 18:37:14',NULL,0);
INSERT INTO child_playlists VALUES('e43efb84-075a-4228-97e0-ecb9385b5c17','feeed2ef-4375-491f-ae46-40eff060831f','5C3tL0wxX4oVxHmYvWcGev','REMIX TECHNO ELECTRO POPULAIRE 2026 🎶 HITS ÉLECTRONIQUES | MIX TECHNO ELECTRO DANCE','07f058d5-e66d-403d-a234-0fc12ec0b1ad','2026-03-19 18:49:56',NULL,0);
INSERT INTO child_playlists VALUES('f92fe85f-03b5-4752-bcb5-38d3088aee05','feeed2ef-4375-491f-ae46-40eff060831f','34J9yxUe7fIAYT0FRlS8m0','TECHNO BASS BOOSTED 2026 🔥 CAR MUSIC REMIXES | BASS BOOSTED TECHNO FOR AUTO 🚗💨','07f058d5-e66d-403d-a234-0fc12ec0b1ad','2026-03-19 18:49:56',NULL,0);
INSERT INTO child_playlists VALUES('ab252506-eb36-48fd-a65e-1a7fe301e2b9','feeed2ef-4375-491f-ae46-40eff060831f','3tbBCqDSMGmrnqChMAmyf1','Tecno Oscuro 2026 | Dark Techno | Industrial Beats | Underground Rave Playlist','d9b490d2-0e79-4d39-bf8a-7457f64535bb','2026-03-19 18:50:26',NULL,0);
INSERT INTO child_playlists VALUES('b282b107-59cf-4348-b3e0-2b530e2212ae','feeed2ef-4375-491f-ae46-40eff060831f','2E1s5m1vuCY5AvkImmpOrk','TECHNO TEMAZOS 2026  🔊 EXITOS TECHNO 🔊 MIX DE TECHNO 🔊 HITS PARA BAILAR','9ffd7551-7b45-4f9c-9bd7-e81580ba9dc0','2026-03-19 18:50:35',NULL,0);
INSERT INTO child_playlists VALUES('3cfbdff6-056c-4164-91e4-3f75c35395d6','feeed2ef-4375-491f-ae46-40eff060831f','6cmgDmhiXOUwJe4g7DuXMf','Techno House 2026  🎶 Pop Covers, EDM Techno Remixes & Club Dance Anthems','9ffd7551-7b45-4f9c-9bd7-e81580ba9dc0','2026-03-19 18:50:35',NULL,0);
INSERT INTO child_playlists VALUES('6bd532a1-c8df-4c71-b828-d58a0c0590a3','feeed2ef-4375-491f-ae46-40eff060831f','7tw9pb7dJTbx4TT7B10fbq','Running Playlist (Techno) 🏃🏼‍♂️ | Techno Running Music | High BPM Cardio | Workout Songs','dfd29616-a7b0-4953-9cbf-501faf408f6f','2026-03-19 18:50:50',NULL,0);
INSERT INTO child_playlists VALUES('78aeb72c-cf5c-4d05-a429-bdf34735acba','b731cd91-d045-45c2-8b26-1f3d1f4c10a3','6wez4eoqzmmLBcTvUeaEYh','MUSIC FOR STUDYING 🎧 READING & FOCUS | CHILL STUDY MUSIC | CONCENTRATION SONGS | BACKGROUND MUSIC','07f058d5-e66d-403d-a234-0fc12ec0b1ad','2026-03-19 18:52:04','2026-03-20 18:40:24',150);
INSERT INTO child_playlists VALUES('d4bb617e-bba7-45ab-900e-5605d2b48135','b731cd91-d045-45c2-8b26-1f3d1f4c10a3','4YmrzOsLlzmPFFZOUtEYni','STUDYING FOR EXAMS 📚 FOCUS MUSIC | STUDY PLAYLIST | CONCENTRATION SONGS','07f058d5-e66d-403d-a234-0fc12ec0b1ad','2026-03-19 18:52:04','2026-03-20 18:40:29',150);
INSERT INTO child_playlists VALUES('120e1d0e-f8ba-41a2-a57f-37af26106cbb','b731cd91-d045-45c2-8b26-1f3d1f4c10a3','7uvLuLpX4I9to1EYUwUAbp','Deep Focus Music For Concentration - Cosmic & Ambient Chillstep Music Mix For Work & Learning','e09d3115-49db-482a-b081-44fae5f17f7e','2026-03-19 18:53:42','2026-03-20 18:40:23',150);
INSERT INTO child_playlists VALUES('278ed737-2cae-42bf-8b7a-cce384e8c6f6','b731cd91-d045-45c2-8b26-1f3d1f4c10a3','0rmMnxmRSj2Zg9YD00ElXH','LATE NIGHT STUDY VIBE 🌙 DEEP FOCUS | MIDNIGHT | CHILL BEATS | Calm Study Playlist☕','dfd29616-a7b0-4953-9cbf-501faf408f6f','2026-03-19 18:54:07','2026-03-20 18:40:22',150);
INSERT INTO child_playlists VALUES('33075fa1-41c2-480c-95df-9aa0e52f3de6','b731cd91-d045-45c2-8b26-1f3d1f4c10a3','4lKYQgXHBjfBxrEmRfsJ7K','LOCK-IN STUDY MUSIC 2026 🧠 DEEP FOCUS | BRAIN POWER | CONCENTRATION | WORK ','dfd29616-a7b0-4953-9cbf-501faf408f6f','2026-03-19 18:54:07','2026-03-20 18:40:26',150);
INSERT INTO child_playlists VALUES('84e4abc8-57e8-42ae-b281-00a68d9f82fd','b731cd91-d045-45c2-8b26-1f3d1f4c10a3','1NNGnglGSGs3KycFwXdpIe','book reading playlist | Calm Soft Songs | Relaxing Study Focus Music','dfd29616-a7b0-4953-9cbf-501faf408f6f','2026-03-19 18:54:07','2026-03-20 18:40:30',150);
INSERT INTO child_playlists VALUES('aa9a3fca-e8c3-42ef-a31a-689d283e1190','756de896-9969-43e7-bb29-3710462a5764','7pATSDEkVm0gGOHR88P7hm','Upbeat Songs Everyone Knows | Feel-Good Hits & Popular Party Anthems','07f058d5-e66d-403d-a234-0fc12ec0b1ad','2026-03-19 18:55:49',NULL,0);
INSERT INTO child_playlists VALUES('fd8f3966-1c92-48cf-979a-b304b950cf4b','756de896-9969-43e7-bb29-3710462a5764','5MGM3UuVUn5GLewEmoIpE8','Pre Game for the Girls 💄 Party Playlist | Hype Songs & Girl Night Anthems','07f058d5-e66d-403d-a234-0fc12ec0b1ad','2026-03-19 18:55:49',NULL,0);
INSERT INTO child_playlists VALUES('c5a00fb3-3bb8-48c4-8782-cde626f736a9','756de896-9969-43e7-bb29-3710462a5764','4oQYgGofoTmBhwF2tCt390','POWERFUL WOMAN ENERGY 2026 ⚡ GIRL POWER PLAYLIST | FEMALE ANTHEMS | STRONG WOMEN SONGS','07f058d5-e66d-403d-a234-0fc12ec0b1ad','2026-03-19 18:55:49',NULL,0);
INSERT INTO child_playlists VALUES('80d107af-f429-4b83-b3c0-2e86853bad99','756de896-9969-43e7-bb29-3710462a5764','7EGAsTlgzvyJXBuRYIdyMP','FEMINIST RAGE SONGS 2026 🔥 GIRL POWER ANTHEMS | ANGRY WOMEN MUSIC | FEMINIST PLAYLIST','07f058d5-e66d-403d-a234-0fc12ec0b1ad','2026-03-19 18:55:49',NULL,0);
INSERT INTO child_playlists VALUES('34ba12e5-6ed5-42cf-b976-18e77f1ef3ef','756de896-9969-43e7-bb29-3710462a5764','3n0SRmYPgn7xVNAHH9OCMg','GIRLY GIRL ENERGY 2026  💅 POP PRINCESS VIBES | GIRL POWER SONGS | SASSY PLAYLIST','07f058d5-e66d-403d-a234-0fc12ec0b1ad','2026-03-19 18:55:49',NULL,0);
INSERT INTO child_playlists VALUES('1fc9425b-7232-4b0d-bc81-21f24a1221d9','756de896-9969-43e7-bb29-3710462a5764','2oV8Zudj8lwHhc7NLfYHXv','GIRL BOSS 2026 💸 FEMALE MOTIVATION | HUSTLE | SUCCESS | MAIN CHARACTER ENERGY 💰','d9b490d2-0e79-4d39-bf8a-7457f64535bb','2026-03-19 18:56:54',NULL,0);
INSERT INTO child_playlists VALUES('cc49b04a-dc1c-4532-88c7-42a9dd73fa85','756de896-9969-43e7-bb29-3710462a5764','48kD1WViNylN73en7laqul','Hot Girls Getting Ready 💄 Party Playlist | Pre-Game Vibes | Glow Up Songs','9ffd7551-7b45-4f9c-9bd7-e81580ba9dc0','2026-03-19 18:57:43',NULL,0);
INSERT INTO child_playlists VALUES('4272f7cf-ddd5-41d4-8df1-4f6148fc0aa9','a46a7190-b9b4-4277-a9f9-3cb1b2322589','3HQ3bwBfsMSovhD6IJatkC','VICTORIA''S SECRET PLAYLIST 2026 💖 RUNWAY HITS | CONFIDENCE BOOST | POP ANTHEMS | FASHION MUSIC','d9b490d2-0e79-4d39-bf8a-7457f64535bb','2026-03-19 19:04:11',NULL,0);
INSERT INTO child_playlists VALUES('cf850e35-3386-47f5-8889-439382ca10d4','a46a7190-b9b4-4277-a9f9-3cb1b2322589','3rQ5VbsQHX53017mnIKp1C','Model Edit Audios | Viral Fashion Sounds & Runway Transitions','d9b490d2-0e79-4d39-bf8a-7457f64535bb','2026-03-19 19:04:11',NULL,0);
INSERT INTO child_playlists VALUES('ebeffe04-dda8-4427-8ae4-e24f502fca61','a46a7190-b9b4-4277-a9f9-3cb1b2322589','48vpMEIMteVeCcdm3rweHo','Songs to Model Walk To | Fierce Runway Playlist | Confidence & Catwalk Energy','d9b490d2-0e79-4d39-bf8a-7457f64535bb','2026-03-19 19:04:11',NULL,0);
INSERT INTO child_playlists VALUES('4fc1155f-6e4d-43fe-94f5-749b6a99c9fb','a46a7190-b9b4-4277-a9f9-3cb1b2322589','4Jd05kMelh5lkQ7AfDWJlv','Catwalk Runway | Fierce Model Walk Playlist | High Fashion Energy','d9b490d2-0e79-4d39-bf8a-7457f64535bb','2026-03-19 19:04:11',NULL,0);
INSERT INTO child_playlists VALUES('6566f88d-6f13-468f-8b95-48863e39e921','a46a7190-b9b4-4277-a9f9-3cb1b2322589','4hOlzwfvTHCi2J0W2IVYq8','Hot Model Walk 💃 Runway Confidence | Fierce Strut Playlist','d9b490d2-0e79-4d39-bf8a-7457f64535bb','2026-03-19 19:04:11',NULL,0);
INSERT INTO child_playlists VALUES('88628e12-9109-40c6-8c82-02b8c6e76976','a46a7190-b9b4-4277-a9f9-3cb1b2322589','2KUmTGOHlBOX0s0dLSfz4r','Catwalk Model Vibes 👠 Runway Energy | Fierce Pop & Fashion Show Music','d9b490d2-0e79-4d39-bf8a-7457f64535bb','2026-03-19 19:04:11',NULL,0);
INSERT INTO child_playlists VALUES('d058cab9-7648-4885-822a-ea8d71357aab','8d2dd840-761c-42f4-9612-754fe6c426e4','2HlR6M6wTe9K4tmLSg4eSE','Hot Girls Summer 2026 🍑 Hot Gym Girls 🍑','07f058d5-e66d-403d-a234-0fc12ec0b1ad','2026-03-19 19:05:10',NULL,0);
INSERT INTO child_playlists VALUES('06e6daec-dc70-4d06-9fda-ab5ecfb09ea6','8d2dd840-761c-42f4-9612-754fe6c426e4','3hQ2deL6ORezhYhLE6ENNw','MONACO VIBES 2026 🛥️ Luxury Lifestyle | Deep House | Yacht Party | Formula 1 | Summer Hits 💎','d9b490d2-0e79-4d39-bf8a-7457f64535bb','2026-03-19 19:05:41',NULL,0);
INSERT INTO child_playlists VALUES('e94a9157-a71b-4849-9e3a-ef11d8edae1e','8d2dd840-761c-42f4-9612-754fe6c426e4','3d8WzTtoouYg7OhRM0xqI9','MOTIVATIONAL SONGS 2026 🔥 MOTIVATION MUSIC 🔥 WORKOUT & STUDY MIX 🔥 INSPIRATIONAL HITS','9ffd7551-7b45-4f9c-9bd7-e81580ba9dc0','2026-03-19 19:06:10',NULL,0);
INSERT INTO child_playlists VALUES('fe8d7d86-4192-42a6-bb0e-052ed856983c','8d2dd840-761c-42f4-9612-754fe6c426e4','4nlrlPo3N0ZawyVYGApuRI','Spain Summer Vibes 2026 🇪🇸 Spanish Summer Hits, Beach Party & Latin Dance Music','e09d3115-49db-482a-b081-44fae5f17f7e','2026-03-19 19:06:33',NULL,0);
INSERT INTO child_playlists VALUES('96ae5c92-9a5a-4f8e-b63d-e705566bdb87','8d2dd840-761c-42f4-9612-754fe6c426e4','2MGy7lrb5Fe9DSKZttWCbS','AFRO HOUSE TEMAZOS 2026 🌴 EXITOS AFRO HOUSE 🌴 MIX DE AFRO HOUSE 🌴 HITS PARA BAILAR','e09d3115-49db-482a-b081-44fae5f17f7e','2026-03-19 19:06:33',NULL,0);
INSERT INTO child_playlists VALUES('36d6c70d-4464-4f5e-846e-7e49023abeb8','8d2dd840-761c-42f4-9612-754fe6c426e4','5GeOaZXWDM7rFMuSXbZAHZ','Ibiza Night Vibes 2026 🌙 House Music, Deep Tech, Beach Party & Clubbing Anthems','e09d3115-49db-482a-b081-44fae5f17f7e','2026-03-19 19:06:33',NULL,0);
INSERT INTO child_playlists VALUES('b21f5322-c93e-440a-b929-ac74703dea65','5010206e-11ab-4e94-895a-ad94305e2889','2iaibxTWGvXB42WphABXG6','Power Songs 💪 Motivation Music | Epic Energy Tracks | Feel Strong Playlist','d9b490d2-0e79-4d39-bf8a-7457f64535bb','2026-03-19 19:22:11','2026-03-20 19:23:12',120);
INSERT INTO child_playlists VALUES('c008189b-f418-41e6-bcce-9a3a65c433ff','5010206e-11ab-4e94-895a-ad94305e2889','3hDLMKkmmNcqsqZnPz0LIc','Músicas Animadas para Corrida – Running Hits | Treino Motivação','d9b490d2-0e79-4d39-bf8a-7457f64535bb','2026-03-19 19:22:11','2026-03-20 19:23:17',120);
INSERT INTO child_playlists VALUES('90c14397-3e21-484e-b6f1-983cd1516131','5010206e-11ab-4e94-895a-ad94305e2889','1WLXAM3B6dopfJf0ZNRF0z','ULTIMATE STRENGTH MIX 2026 | WORKOUT MUSIC | GYM LIFTING PLAYLIST | POWER TRAINING SONGS','dfd29616-a7b0-4953-9cbf-501faf408f6f','2026-03-19 19:50:13','2026-03-20 19:22:01',120);
INSERT INTO child_playlists VALUES('bfb723b5-eb6c-46c9-9e3d-bfdff1c66026','5010206e-11ab-4e94-895a-ad94305e2889','5J2Yi6ajxW1849czBxhzgO','EXERCISE MUSIC 2026 💦 | WORKOUT MUSIC | GYM TRAINING PLAYLIST | CARDIO MOTIVATION SONGS','dfd29616-a7b0-4953-9cbf-501faf408f6f','2026-03-19 19:50:13','2026-03-20 19:22:06',120);
INSERT INTO child_playlists VALUES('97ef2729-c4ff-469a-968e-3f5e42fc1dce','457d9c73-cc20-4e26-828f-0a5815cdd199','00dA9w7pRPktJpURPpgWVH','CAFÉ CON RITMO 2026 ☕ MÚSICA RELAJANTE | AMBIENTE CHILL | LISTA DE REPRODUCCIÓN | SONIDOS RELAX 🍃','dfd29616-a7b0-4953-9cbf-501faf408f6f','2026-03-19 19:50:52',NULL,0);
INSERT INTO child_playlists VALUES('41060546-dfc9-4563-8b4e-e2237b98076b','8d2dd840-761c-42f4-9612-754fe6c426e4','38Ks7f3wD7nkQRQk5EFVQP','Afrohouse 2026 / Afro House Remix Songs','c8748bb4-0226-4050-8a1f-185ff7458565','2026-03-20 16:24:08',NULL,0);
INSERT INTO child_playlists VALUES('4bf86e51-8caa-4529-ae6c-33b06aed5d8a','8d2dd840-761c-42f4-9612-754fe6c426e4','3YquoKibR738YqhxtiB0No','MIAMI PARTY 2026 | SUMMER MIX 2026','c8748bb4-0226-4050-8a1f-185ff7458565','2026-03-20 16:24:08',NULL,0);
INSERT INTO child_playlists VALUES('ce73d18a-b368-46d8-9f00-0a0c00df90f5','feeed2ef-4375-491f-ae46-40eff060831f','08xzOilY7Zq8dFIMO6HsPm','techno mix 2026💣 Techno  Remixes Of Popular Songs from tiktok 💣 ','c8748bb4-0226-4050-8a1f-185ff7458565','2026-03-20 16:24:59',NULL,0);
INSERT INTO child_playlists VALUES('d7ef87f7-be25-4636-8b13-023c62803795','feeed2ef-4375-491f-ae46-40eff060831f','1t1fZBRZbmZCCgqTR71MNR','Techno Workout Remixes ','c8748bb4-0226-4050-8a1f-185ff7458565','2026-03-20 16:24:59',NULL,0);
INSERT INTO child_playlists VALUES('e93671e7-f5e7-4a1c-85c4-12359e11c44e','b731cd91-d045-45c2-8b26-1f3d1f4c10a3','0okUJOn03uUCTmk075uYh9','Faxina Animada 2026 🧽 Músicas para Limpar a Casa e Dançar Felizes','60c46b0e-b25b-471d-b2a8-4ffef828e9c0','2026-03-20 16:25:51','2026-03-20 18:40:24',150);
INSERT INTO child_playlists VALUES('dfd1054b-8fda-4623-9063-b9ddb312a855','b731cd91-d045-45c2-8b26-1f3d1f4c10a3','2tNG8z1VZGSvXqwzhevw1v','TEMAZOS PARA LIMPIAR LA CASA 🧽 MÚSICA MOTIVADORA 💃 PLAYLIST DE LIMPIEZA','60c46b0e-b25b-471d-b2a8-4ffef828e9c0','2026-03-20 16:25:51','2026-03-20 18:40:29',150);
INSERT INTO child_playlists VALUES('fa5d788c-52b0-449c-ae56-acd05198611e','b731cd91-d045-45c2-8b26-1f3d1f4c10a3','1bz9gnBeQkgPeIbggyQEu3','Músicas para Lojas 2026 🎶 Pop Internacional | Hits Relaxantes | Música Comercial | Playlist de Fundo','60c46b0e-b25b-471d-b2a8-4ffef828e9c0','2026-03-20 16:25:51','2026-03-20 18:40:34',150);
INSERT INTO child_playlists VALUES('1c64f7c8-b7a7-4765-a73e-20256f0a2e68','b731cd91-d045-45c2-8b26-1f3d1f4c10a3','0EHbLttT5AkxuiL2NBJ4vn','Intense Locked In Motivational Studying 🔒 Focus Music | Study Motivation Playlist |','60c46b0e-b25b-471d-b2a8-4ffef828e9c0','2026-03-20 16:25:51','2026-03-20 18:40:39',150);
INSERT INTO child_playlists VALUES('0c7f9d75-2087-4e8a-b60e-9d43a22db555','756de896-9969-43e7-bb29-3710462a5764','4n9rsRBjDWW7kxNmALW1Cq','Club Music 2026 🔥 Top 100 Dance Hits | Party Songs | Club Playlist | Dance Songs','60c46b0e-b25b-471d-b2a8-4ffef828e9c0','2026-03-20 16:26:32',NULL,0);
INSERT INTO child_playlists VALUES('74b21666-5fe5-4dd4-ab37-966d1b024a50','756de896-9969-43e7-bb29-3710462a5764','5kWzkg7WNnuVEg9aELYDiI','Slutty Songs for Hoes 💦🍑 Bad Bitch Anthems | Party Hoe Vibes | Hot Girl Playlist','60c46b0e-b25b-471d-b2a8-4ffef828e9c0','2026-03-20 16:26:32',NULL,0);
INSERT INTO child_playlists VALUES('23623725-d3ad-4d68-a415-1b21be67ee32','756de896-9969-43e7-bb29-3710462a5764','0weCzCb6f2nShGjAP8J2zv','Strong Woman Songs 2026 💪 Empowering Female Anthems | Girl Power Playlist | Fierce Pop Hits','60c46b0e-b25b-471d-b2a8-4ffef828e9c0','2026-03-20 16:26:32',NULL,0);
INSERT INTO child_playlists VALUES('9b85cbbf-eb56-43a3-8954-18315d81c10a','756de896-9969-43e7-bb29-3710462a5764','3yrlZX6kbTs8MNr4fJF8S1','Empowering Songs for Women 2026 ✨ 💪 Female Anthems | Girl Power Playlist | Confidence Boost Music','60c46b0e-b25b-471d-b2a8-4ffef828e9c0','2026-03-20 16:26:32',NULL,0);
INSERT INTO child_playlists VALUES('c48fc9d4-b618-46c5-bb78-7ffacdef35ee','756de896-9969-43e7-bb29-3710462a5764','5smua87Ruufr5u7oautB95','Bad Bitch Energy 🎀💄 Hot Girl Era | Baddie Vibes Playlist | Confident Girl Boss Anthems','60c46b0e-b25b-471d-b2a8-4ffef828e9c0','2026-03-20 16:26:32',NULL,0);
INSERT INTO child_playlists VALUES('8147b5e3-b4e0-4265-aaab-e707f5afee7e','756de896-9969-43e7-bb29-3710462a5764','2mj1JsBPeklyfEns6vKfkU','Bad Bitch Energy 💋 TikTok Baddies Playlist | Hot Girl Songs | Savage Anthems','60c46b0e-b25b-471d-b2a8-4ffef828e9c0','2026-03-20 16:26:32',NULL,0);
INSERT INTO child_playlists VALUES('45630d7e-2ef4-4df8-a43c-873b25878e40','5010206e-11ab-4e94-895a-ad94305e2889','52FzL906MosFtogv8LJcgX','TREINO ANIMADO 2026 🍑 💪 MÚSICAS PARA ACADEMIA | PLAYLIST FITNESS | HITS PARA MALHAR','60c46b0e-b25b-471d-b2a8-4ffef828e9c0','2026-03-20 16:27:36','2026-03-20 19:21:20',120);
INSERT INTO child_playlists VALUES('433e9d4b-2d10-4e18-8bfa-fc2e6c2f8044','5010206e-11ab-4e94-895a-ad94305e2889','3YD4rc1Wl8BWZj6pnTnTuD','FIT DANCE 2026 🍑 BAILE FITNESS 🔥 MÚSICA PARA ENTRENAR Y MOVER EL CUERPO','60c46b0e-b25b-471d-b2a8-4ffef828e9c0','2026-03-20 16:27:36','2026-03-20 19:21:25',120);
INSERT INTO child_playlists VALUES('81c31318-0263-4a34-9f4c-2dd7da08273b','5010206e-11ab-4e94-895a-ad94305e2889','0SBMiaG7TdVEVI5za4ncfI','Power Cycling Mix 2026 ⚡ Indoor Spinning Playlist | High-Energy Cardio Music','60c46b0e-b25b-471d-b2a8-4ffef828e9c0','2026-03-20 16:27:36','2026-03-20 19:21:30',120);
INSERT INTO child_playlists VALUES('1e7f744e-b983-4c73-82d3-3ae153c32dac','5010206e-11ab-4e94-895a-ad94305e2889','4Jpd07N6g53nmEArIw9qtW','CLUB PARTY MIX 2026 🔥 Club Bangers | Techno | Deutschrap | Hip Hop | Disco Partyhits | Classics','60c46b0e-b25b-471d-b2a8-4ffef828e9c0','2026-03-20 16:27:36','2026-03-20 19:21:35',120);
INSERT INTO child_playlists VALUES('e8a06055-95e2-425a-89c2-4099fefb65f7','5010206e-11ab-4e94-895a-ad94305e2889','2xKDGaU89z4lpuKjnFvOmy','Hot Girl Clubbing Music 2026 🔥 Party Songs | Dance Hits | Club Playlist | Night Out Vibes','60c46b0e-b25b-471d-b2a8-4ffef828e9c0','2026-03-20 16:27:36','2026-03-20 19:21:40',120);
INSERT INTO child_playlists VALUES('5fb5f629-573e-4065-89d8-2bc862f3352c','5010206e-11ab-4e94-895a-ad94305e2889','72o0rxELFGSo0TKo8fmGqC','Casino Party Vibes 🎲 Vegas Night Playlist | EDM & Pop Hits | High Energy Music','60c46b0e-b25b-471d-b2a8-4ffef828e9c0','2026-03-20 16:27:36','2026-03-20 19:21:45',120);
CREATE TABLE sync_logs (
    id INTEGER PRIMARY KEY AUTOINCREMENT,
    group_id TEXT NOT NULL,
    status TEXT NOT NULL,
    details TEXT,
    created_at TEXT DEFAULT (datetime('now')),
    FOREIGN KEY (group_id) REFERENCES master_groups(id) ON DELETE CASCADE
  );
INSERT INTO sync_logs VALUES(1,'a46a7190-b9b4-4277-a9f9-3cb1b2322589','partial','[{"playlist":"VICTORIA''S SECRET PLAYLIST 2026 💖 RUNWAY HITS | CONFIDENCE BOOST | POP ANTHEMS | FASHION MUSIC","account":"Amélie  Cochon","error":"Spotify API error 400: {\"error\": {\"status\": 400, \"message\": \"No uris provided\" } }","status":"error"},{"playlist":"Model Edit Audios | Viral Fashion Sounds & Runway Transitions","account":"Amélie  Cochon","error":"Spotify API error 400: {\"error\": {\"status\": 400, \"message\": \"No uris provided\" } }","status":"error"},{"playlist":"Songs to Model Walk To | Fierce Runway Playlist | Confidence & Catwalk Energy","account":"Amélie  Cochon","error":"Spotify API error 400: {\"error\": {\"status\": 400, \"message\": \"No uris provided\" } }","status":"error"},{"playlist":"Catwalk Runway | Fierce Model Walk Playlist | High Fashion Energy","account":"Amélie  Cochon","error":"Spotify API error 400: {\"error\": {\"status\": 400, \"message\": \"No uris provided\" } }","status":"error"},{"playlist":"Hot Model Walk 💃 Runway Confidence | Fierce Strut Playlist","account":"Amélie  Cochon","error":"Spotify API error 400: {\"error\": {\"status\": 400, \"message\": \"No uris provided\" } }","status":"error"},{"playlist":"Catwalk Model Vibes 👠 Runway Energy | Fierce Pop & Fashion Show Music","account":"Amélie  Cochon","error":"Spotify API error 400: {\"error\": {\"status\": 400, \"message\": \"No uris provided\" } }","status":"error"}]','2026-03-19 20:20:20');
INSERT INTO sync_logs VALUES(2,'a46a7190-b9b4-4277-a9f9-3cb1b2322589','partial','[{"playlist":"VICTORIA''S SECRET PLAYLIST 2026 💖 RUNWAY HITS | CONFIDENCE BOOST | POP ANTHEMS | FASHION MUSIC","account":"Amélie  Cochon","error":"Spotify API error 400: {\"error\": {\"status\": 400, \"message\": \"No uris provided\" } }","status":"error"},{"playlist":"Model Edit Audios | Viral Fashion Sounds & Runway Transitions","account":"Amélie  Cochon","error":"Spotify API error 400: {\"error\": {\"status\": 400, \"message\": \"No uris provided\" } }","status":"error"},{"playlist":"Songs to Model Walk To | Fierce Runway Playlist | Confidence & Catwalk Energy","account":"Amélie  Cochon","error":"Spotify API error 400: {\"error\": {\"status\": 400, \"message\": \"No uris provided\" } }","status":"error"},{"playlist":"Catwalk Runway | Fierce Model Walk Playlist | High Fashion Energy","account":"Amélie  Cochon","error":"Spotify API error 400: {\"error\": {\"status\": 400, \"message\": \"No uris provided\" } }","status":"error"},{"playlist":"Hot Model Walk 💃 Runway Confidence | Fierce Strut Playlist","account":"Amélie  Cochon","error":"Spotify API error 400: {\"error\": {\"status\": 400, \"message\": \"No uris provided\" } }","status":"error"},{"playlist":"Catwalk Model Vibes 👠 Runway Energy | Fierce Pop & Fashion Show Music","account":"Amélie  Cochon","error":"Spotify API error 400: {\"error\": {\"status\": 400, \"message\": \"No uris provided\" } }","status":"error"}]','2026-03-19 20:21:11');
INSERT INTO sync_logs VALUES(3,'a46a7190-b9b4-4277-a9f9-3cb1b2322589','partial','[{"playlist":"VICTORIA''S SECRET PLAYLIST 2026 💖 RUNWAY HITS | CONFIDENCE BOOST | POP ANTHEMS | FASHION MUSIC","account":"Amélie  Cochon","error":"Spotify API error 400: {\"error\": {\"status\": 400, \"message\": \"No uris provided\" } }","status":"error"},{"playlist":"Model Edit Audios | Viral Fashion Sounds & Runway Transitions","account":"Amélie  Cochon","error":"Spotify API error 400: {\"error\": {\"status\": 400, \"message\": \"No uris provided\" } }","status":"error"},{"playlist":"Songs to Model Walk To | Fierce Runway Playlist | Confidence & Catwalk Energy","account":"Amélie  Cochon","error":"Spotify API error 400: {\"error\": {\"status\": 400, \"message\": \"No uris provided\" } }","status":"error"},{"playlist":"Catwalk Runway | Fierce Model Walk Playlist | High Fashion Energy","account":"Amélie  Cochon","error":"Spotify API error 400: {\"error\": {\"status\": 400, \"message\": \"No uris provided\" } }","status":"error"},{"playlist":"Hot Model Walk 💃 Runway Confidence | Fierce Strut Playlist","account":"Amélie  Cochon","error":"Spotify API error 400: {\"error\": {\"status\": 400, \"message\": \"No uris provided\" } }","status":"error"},{"playlist":"Catwalk Model Vibes 👠 Runway Energy | Fierce Pop & Fashion Show Music","account":"Amélie  Cochon","error":"Spotify API error 400: {\"error\": {\"status\": 400, \"message\": \"No uris provided\" } }","status":"error"}]','2026-03-19 20:24:55');
INSERT INTO sync_logs VALUES(4,'a46a7190-b9b4-4277-a9f9-3cb1b2322589','partial','[{"playlist":"VICTORIA''S SECRET PLAYLIST 2026 💖 RUNWAY HITS | CONFIDENCE BOOST | POP ANTHEMS | FASHION MUSIC","account":"Amélie  Cochon","error":"Spotify API error 400: {\"error\": {\"status\": 400, \"message\": \"No uris provided\" } }","status":"error"},{"playlist":"Model Edit Audios | Viral Fashion Sounds & Runway Transitions","account":"Amélie  Cochon","error":"Spotify API error 400: {\"error\": {\"status\": 400, \"message\": \"No uris provided\" } }","status":"error"},{"playlist":"Songs to Model Walk To | Fierce Runway Playlist | Confidence & Catwalk Energy","account":"Amélie  Cochon","error":"Spotify API error 400: {\"error\": {\"status\": 400, \"message\": \"No uris provided\" } }","status":"error"},{"playlist":"Catwalk Runway | Fierce Model Walk Playlist | High Fashion Energy","account":"Amélie  Cochon","error":"Spotify API error 400: {\"error\": {\"status\": 400, \"message\": \"No uris provided\" } }","status":"error"},{"playlist":"Hot Model Walk 💃 Runway Confidence | Fierce Strut Playlist","account":"Amélie  Cochon","error":"Spotify API error 400: {\"error\": {\"status\": 400, \"message\": \"No uris provided\" } }","status":"error"},{"playlist":"Catwalk Model Vibes 👠 Runway Energy | Fierce Pop & Fashion Show Music","account":"Amélie  Cochon","error":"Spotify API error 400: {\"error\": {\"status\": 400, \"message\": \"No uris provided\" } }","status":"error"}]','2026-03-19 20:27:19');
INSERT INTO sync_logs VALUES(5,'a46a7190-b9b4-4277-a9f9-3cb1b2322589','success','[{"playlist":"VICTORIA''S SECRET PLAYLIST 2026 💖 RUNWAY HITS | CONFIDENCE BOOST | POP ANTHEMS | FASHION MUSIC","account":"Amélie  Cochon","added":73,"removed":153,"status":"success"},{"playlist":"Model Edit Audios | Viral Fashion Sounds & Runway Transitions","account":"Amélie  Cochon","added":72,"removed":153,"status":"success"},{"playlist":"Songs to Model Walk To | Fierce Runway Playlist | Confidence & Catwalk Energy","account":"Amélie  Cochon","added":72,"removed":153,"status":"success"},{"playlist":"Catwalk Runway | Fierce Model Walk Playlist | High Fashion Energy","account":"Amélie  Cochon","added":72,"removed":153,"status":"success"},{"playlist":"Hot Model Walk 💃 Runway Confidence | Fierce Strut Playlist","account":"Amélie  Cochon","added":72,"removed":153,"status":"success"},{"playlist":"Catwalk Model Vibes 👠 Runway Energy | Fierce Pop & Fashion Show Music","account":"Amélie  Cochon","added":72,"removed":153,"status":"success"}]','2026-03-19 20:32:09');
INSERT INTO sync_logs VALUES(6,'a46a7190-b9b4-4277-a9f9-3cb1b2322589','success','[{"playlist":"VICTORIA''S SECRET PLAYLIST 2026 💖 RUNWAY HITS | CONFIDENCE BOOST | POP ANTHEMS | FASHION MUSIC","account":"Amélie  Cochon","added":76,"removed":76,"status":"success"},{"playlist":"Model Edit Audios | Viral Fashion Sounds & Runway Transitions","account":"Amélie  Cochon","added":76,"removed":76,"status":"success"},{"playlist":"Songs to Model Walk To | Fierce Runway Playlist | Confidence & Catwalk Energy","account":"Amélie  Cochon","added":76,"removed":76,"status":"success"},{"playlist":"Catwalk Runway | Fierce Model Walk Playlist | High Fashion Energy","account":"Amélie  Cochon","added":76,"removed":76,"status":"success"},{"playlist":"Hot Model Walk 💃 Runway Confidence | Fierce Strut Playlist","account":"Amélie  Cochon","added":76,"removed":76,"status":"success"},{"playlist":"Catwalk Model Vibes 👠 Runway Energy | Fierce Pop & Fashion Show Music","account":"Amélie  Cochon","added":76,"removed":76,"status":"success"}]','2026-03-19 20:39:28');
INSERT INTO sync_logs VALUES(7,'457d9c73-cc20-4e26-828f-0a5815cdd199','success','[{"playlist":"Morning Energy Boost 🌞 Happy Vibes & Energizing Mood | Uplifting Pop Songs","account":"A S Team","added":140,"removed":140,"status":"success"},{"playlist":"Cozy Cooking Dinner Vibes | Chill Kitchen Music & Warm Evening Playlist","account":"A S Team","added":140,"removed":140,"status":"success"},{"playlist":"Cooking & Dancing in the Kitchen 🎶 Pop Songs | Chill Vibes | Feel-Good Playlist","account":"A S Team","added":140,"removed":100,"status":"success"},{"playlist":"Temazos Muy Top en Inglés 2026 | Canciones en Inglés | Hits Internacionales","account":"A S Team","added":140,"removed":140,"status":"success"},{"playlist":"MÚSICA AMBIENTE PARA BARBER SHOP 2025💈 BARBERSHOP VIBES | PLAYLIST BARBER CLUB","account":"A S Team","added":140,"removed":152,"status":"success"},{"playlist":"Beach Club House Mix 2026 – Summer Vibes | Ibiza Style Party Playlist 🔥","account":"A S Team","added":140,"removed":140,"status":"success"},{"playlist":"Lieder zum Viben  2026 🎧 ","account":"A S Team","added":140,"removed":135,"status":"success"},{"playlist":"RESTAURANTE MÚSICA AMBIENTE  2025🍷 MÚSICA DE FUNDO | PLAYLIST PARA RESTAURANTES","account":"A S Team","added":140,"removed":141,"status":"success"},{"playlist":"DEEP HOUSE TEMAZOS  2026 🌴 EXITOS & MIX DEEP HOUSE 🌴 HITS PARA BAILAR","account":"A S Team","added":140,"removed":140,"status":"success"},{"playlist":"Deep House Summer Mix  2026 🌴 Chill House & Nu Disco | Sunset Vibes Playlist","account":"A S Team","added":140,"removed":129,"status":"success"},{"playlist":"Rooftop Deep House 2026 🍹 Chill House & Nu Disco Vibes | Lounge Playlist","account":"A S Team","added":140,"removed":129,"status":"success"},{"playlist":"Loja Animada  2026 🎉 Músicas Animadas para Lojas 🎶  Música Ambiente Comercial","account":"A S Team","added":140,"removed":152,"status":"success"},{"playlist":"Padel Music Playlist / Pedal Songs 2026 / Música para jugar al Pádel 2026","account":"A S Team","added":140,"removed":140,"status":"success"},{"playlist":"MÚSICA PARA VIAJAR 2026 🚗 ROAD TRIP | CANCIONES PARA CONDUCIR | CHILL DRIVING PLAYLIST  🌍","account":"Amélie  Cochon","added":140,"removed":140,"status":"success"},{"playlist":"Restaurante Elegante 2026 🥂 Dinner Playlist | Luxury | Fine Dining Background Music ✨","account":"Amélie  Cochon","added":140,"removed":146,"status":"success"},{"playlist":"Trabajando en la Oficina 2026 ☕ Música para Concentrarse | Office Vibes & Trabajo Productivo","account":"Amélie  Cochon","added":140,"removed":140,"status":"success"},{"playlist":"Cafetería Aesthetic 2026 ☕ Música Café | Coffee Shop Vibes | Playlist Chill | Ambiente Relax ☕","account":"Amélie  Cochon","added":140,"removed":140,"status":"success"},{"playlist":"CHILL AND GOODVIBES SONGS 2026 🌴 RELAXING MOOD | CALM VIBES | LOUNGE | CAFE AMBIENCE 🌴","account":"Amélie  Cochon","added":140,"removed":135,"status":"success"},{"playlist":"TEMAZOS CHILL OUT 2026 🌅 RELAJACIÓN | TRANQUILIDAD | AMBIENTE | MUSICA PARA DESCONECTAR ✨","account":"Amélie  Cochon","added":140,"removed":140,"status":"success"},{"playlist":"Quiet Coffee Morning – Calm Café Music | Soft Acoustic & Chill Vibes","account":"Amélie  Cochon","added":140,"removed":140,"status":"success"},{"playlist":"SAUNA & CHILL 2026 🧘 RELAXATION | WELLNESS | AMBIENT | SPA DAY RELAXING LOUNGE PLAYLIST 🌿","account":"Amélie  Cochon","added":140,"removed":140,"status":"success"},{"playlist":"CLÍNICAS 2026 🏥 CONSULTÓRIOS | SALAS DE ESPERA | PLAYLIST | AMBIENTE RELAXANTE E CALMO 🌿","account":"Amélie  Cochon","added":140,"removed":140,"status":"success"},{"playlist":"calm songs to relax my anxiety 💗 | soothing music for stress relief & overthinking","account":"Amélie  Cochon","added":140,"removed":373,"status":"success"},{"playlist":"songs everyone knows 🔥| Viral Classics & Sing-Along Hits","account":"Amélie  Cochon","added":140,"removed":145,"status":"success"},{"playlist":"Songs Everyone Knows the Lyrics To | Iconic Sing-Along Hits | Timeless Pop Classics","account":"Amélie  Cochon","added":140,"removed":145,"status":"success"},{"playlist":"Uber Music 2026 🚘 Best Songs for Driving | Chill & Party Vibes | Car Playlist","account":"Spitz Aura Records","added":140,"removed":140,"status":"success"},{"playlist":"WHITE GIRLS MUSIC 2026 💖 POP SONGS, GIRLY HITS & FUN PLAYLIST ","account":"Spitz Aura Records","added":140,"removed":150,"status":"success"},{"playlist":"GIRLY POP SONGS 💖 CATCHY POP MUSIC 💖 ICONIC GIRLS ANTHEMS💖 Girl Power Playlist💖GIRLY GIRL ENERGY💖","account":"Spitz Aura Records","added":140,"removed":150,"status":"success"},{"playlist":"SALON MUSIC 2026  🎶 LOUNGE, SPA & BARBERSHOP BACKGROUND CHILLOUT","account":"Spitz Aura Records","added":140,"removed":135,"status":"success"},{"playlist":"MÚSICAS PARA ACORDAR FELIZ 2026 🌞 HITS DE BOM HUMOR & MOTIVAÇÃO MATINAL","account":"Spitz Aura Records","added":140,"removed":140,"status":"success"},{"playlist":"CAFÉ DEL MAR 2026  🌅 LOUNGE & CHILL HOUSE MUSIC PLAYLIST","account":"Spitz Aura Records","added":140,"removed":135,"status":"success"},{"playlist":"LUXURY HOTEL LOUNGE ✨ CHILLOUT & LOUNGE MUSIC PLAYLIST 2026","account":"Spitz Aura Records","added":140,"removed":140,"status":"success"},{"playlist":"Música para Trabajar Concentrado 💻 Focus & Concentration | Playlist Productividad | Música de Fondo","account":"Spitz Aura Records","added":140,"removed":140,"status":"success"},{"playlist":"Shop Music 2026 👜 Chill Shopping Playlist | Background Music for Stores | Retail Vibes","account":"Spitz Aura Records","added":140,"removed":140,"status":"success"},{"playlist":"HOUSE TEMAZOS 2026 🔥 EXITOS HOUSE 🔥 MIX DE HOUSE 🔥 HITS PARA BAILAR","account":"Spitz Aura Records","added":140,"removed":140,"status":"success"},{"playlist":"SALON MUSIC 2026  🎶 CHILLOUT LOUNGE SONGS 🌙 RELAXING BACKGROUND PLAYLIST","account":"Spitz Aura Records","added":140,"removed":140,"status":"success"},{"playlist":"PILATES FLOW 2026 🧘🏼‍♀️🧘🏾‍♂️ CHILLOUT, YOGA & WELLNESS MUSIC","account":"Spitz Aura Records","added":140,"removed":130,"status":"success"},{"playlist":"Música Electrónica Suave 🎧 Chill Electronic | Downtempo | Ambient Beats","account":"Spitz Aura Records","added":140,"removed":140,"status":"success"},{"playlist":"Eletrônica Relaxante 🎧 Chill Electronic Music | Música para Relaxar | Ambient & Downtempo","account":"Spitz Aura Records","added":140,"removed":140,"status":"success"},{"playlist":"ROAD TRIP HITS 2026 🚗 BEST SONGS FOR TRAVEL 🎶 SUMMER DRIVE PLAYLIST","account":"Spitz Aura Records","added":140,"removed":140,"status":"success"},{"playlist":"Surf Music 2026🏄 Summer Vibes | Beach Songs | Chill Surf Playlist","account":"Spitz Aura Records","added":140,"removed":135,"status":"success"},{"playlist":"Chillout de Temas Conocidos 2026 🎶 Versiones Relax | Covers Chillout | Música Suave Internacional","account":"Spitz Aura Records","added":140,"removed":140,"status":"success"},{"playlist":"Lounge Covers of Popular Songs 2026 🎶 Chillout Lounge Music | Bar & Restaurant Covers Playlist","account":"Spitz Aura Records","added":140,"removed":140,"status":"success"},{"playlist":"BANHO RELAXANTE 🛁 MÚSICA RELAXANTE PARA BANHO, SPA, MEDITAÇÃO E DESCANSO","account":"Spitz Aura Records","added":140,"removed":140,"status":"success"},{"playlist":"CHILL COVERS 2026 🎶 POPULAR SONGS | ACOUSTIC HITS | RELAXING VERSIONS","account":"Spitz Aura Records","added":140,"removed":135,"status":"success"},{"playlist":"ENTSPANNENDE LIEDER 2026 🧡 CHILLOUT MUSIK 🌙 RUHIGE SONGS FÜR RELAXEN","account":"Spitz Aura Records","added":140,"removed":140,"status":"success"},{"playlist":"LOUNGE COVERS 2026 🎷 POPULAR SONGS 🎶 CHILLOUT PLAYLIST 🌙 ACOUSTIC HITS","account":"Spitz Aura Records","added":140,"removed":140,"status":"success"},{"playlist":"MÚSICA PARA LEVANTAR EL ÁNIMO 2026 🌞 CANCIONES FELICES DE MAÑANA ","account":"Spitz Aura Records","added":140,"removed":100,"status":"success"},{"playlist":"BEAUTY & HAIR SALON 💅🏼 CHILLOUT SPA BACKGROUND MUSIC","account":"Spitz Aura Records","added":140,"removed":100,"status":"success"},{"playlist":"MÚSICA PARA ESTUDIAR 2026 📖 CONCENTRARSE, LEER Y TRABAJAR PLAYLIST ","account":"Spitz Aura Records","added":140,"removed":135,"status":"success"},{"playlist":"OFFICE MUSIC CHILL 2025 💻 RELAXING WORK SONGS & FOCUS PLAYLIST","account":"Spitz Aura Records","added":140,"removed":129,"status":"success"},{"playlist":"Música Para Tiendas 2026 🛍️ Canciones Pop Chill & Música de Fondo Para Negocios","account":"Spitz Aura Records","added":140,"removed":140,"status":"success"},{"playlist":"Chill House 2026","account":"Spitz Aura Records","added":140,"removed":100,"status":"success"},{"playlist":"Pilates Dinámico 🧘‍♀️ Música Energética | Playlist Fitness | Música para Pilates","account":"Spitz Aura Records","added":140,"removed":140,"status":"success"},{"playlist":"Chill Out Temazos – Relaxing Lounge, Calm Vibes & Study Music","account":"Spitz Aura Records","added":140,"removed":135,"status":"success"},{"playlist":"Música Alegre para Despertar – Happy Morning Vibes & Wake Up Songs","account":"Spitz Aura Records","added":140,"removed":140,"status":"success"},{"playlist":"Restaurant Music 2026 🍽 Chill Covers, Dinner Songs & Background Jazz","account":"Spitz Aura Records","added":140,"removed":100,"status":"success"},{"playlist":"Soft Songs 2026 – Chill Pop, Relaxing Hits & Calm Vibes","account":"Spitz Aura Records","added":140,"removed":140,"status":"success"},{"playlist":"CAFÉ CON RITMO 2026 ☕ MÚSICA RELAJANTE | AMBIENTE CHILL | LISTA DE REPRODUCCIÓN | SONIDOS RELAX 🍃","account":"Jean-Baptiste Cul-Sec","added":140,"removed":134,"status":"success"}]','2026-03-20 11:30:43');
INSERT INTO sync_logs VALUES(8,'5010206e-11ab-4e94-895a-ad94305e2889','partial','[{"playlist":"ZONE 2 RUNNING MIX | EASY RUNNING MUSIC | ENDURANCE CARDIO PLAYLIST","account":"Jean-Baptiste Cul-Sec","error":"Rate limited for 17802s — too long, skipping","status":"error"},{"playlist":"160-165 CADENCE RUNNING 💪 | 160 BPM RUNNING MUSIC | TEMPO RUN PLAYLIST | CARDIO TRAINING SONGS","account":"Jean-Baptiste Cul-Sec","error":"Rate limited for 17801s — too long, skipping","status":"error"},{"playlist":"RUNNING 150-160 BPM 2026 🏃 TREADMILL RUNNING | CARDIO WORKOUT | RUNNING MUSIC | FITNESS MOTIVATION 💪","account":"Jean-Baptiste Cul-Sec","error":"Rate limited for 17801s — too long, skipping","status":"error"},{"playlist":"Running 150-160 BPM | 150-160 BPM Running Music | Tempo Run Playlist | Cardio Training Songs","account":"Jean-Baptiste Cul-Sec","error":"Rate limited for 17801s — too long, skipping","status":"error"},{"playlist":"170-171 BPM RUNNING SWEET SPOT ☺️ | RUNNING MUSIC | 170 BPM PLAYLIST | CARDIO TRAINING SONGS","account":"Jean-Baptiste Cul-Sec","error":"Rate limited for 17801s — too long, skipping","status":"error"},{"playlist":"RUNNING HYPE PLAYLIST 2026 🔋 RUNNING MUSIC | HYPE WORKOUT SONGS | CARDIO MOTIVATION | GYM BEATS ⚡","account":"Jean-Baptiste Cul-Sec","error":"Rate limited for 17800s — too long, skipping","status":"error"},{"playlist":"hot girl treadmill walk  2026 👟 | treadmill walk playlist | hot girl cardio | gym walking songs 🔥","account":"Jean-Baptiste Cul-Sec","error":"Rate limited for 17800s — too long, skipping","status":"error"},{"playlist":"RUNNING GIRLIES 2026 🎀 RUNNING PLAYLIST | GYM GIRLS | FITNESS | WORKOUT | FEMALE MOTIVATION 🎧","account":"Jean-Baptiste Cul-Sec","error":"Rate limited for 17800s — too long, skipping","status":"error"},{"playlist":"ULTIMATE STRENGTH MIX 2026 | WORKOUT MUSIC | GYM LIFTING PLAYLIST | POWER TRAINING SONGS","account":"Jean-Baptiste Cul-Sec","error":"Rate limited for 17799s — too long, skipping","status":"error"},{"playlist":"EXERCISE MUSIC 2026 💦 | WORKOUT MUSIC | GYM TRAINING PLAYLIST | CARDIO MOTIVATION SONGS","account":"Jean-Baptiste Cul-Sec","error":"Rate limited for 17799s — too long, skipping","status":"error"},{"playlist":"Correr 2026 🏃‍♂️ Só as Melhores Músicas para Correr, Treinar & Hits de Motivação","account":"Spitz Aura Records","added":130,"removed":150,"status":"success"},{"playlist":"Temazos de Gimnasio 2026 🔥 Mejores Canciones para Entrenar y Motivarse | Música de Gimnasio","account":"A S Team","added":130,"removed":130,"status":"success"},{"playlist":"Jogging Music 2026 🔥 Running Hits 🔥 Cardio Motivation Playlist 🔥 Cardio Energy Songs","account":"Spitz Aura Records","added":130,"removed":153,"status":"success"},{"playlist":"Gym Mujeres 2026  🍑 Workout Femenino | Música para Glúteos, Fuerza y Confianza","account":"Amélie  Cochon","added":130,"removed":150,"status":"success"},{"playlist":"TOP 100 RUNNING SONGS 2026 🏃 BEST RUN PLAYLIST | CARDIO MUSIC | WORKOUT HITS","account":"A S Team","added":130,"removed":130,"status":"success"},{"playlist":"Gym Para Chicas 2026 💪 Música Motivación | Workout Playlist | Canciones Fitness","account":"Spitz Aura Records","added":130,"removed":153,"status":"success"},{"playlist":"SEXTOU INTERNACIONAL 2026 🌍 HITS DO MUNDO 🔥 MÚSICAS FESTA 🔥 PLAYLIST BALADA","account":"Spitz Aura Records","added":130,"removed":150,"status":"success"},{"playlist":"Actually Good Workout Music ⚡ High Energy Gym Songs | Best Workout Playlist | Curated Gym Playlist","account":"Amélie  Cochon","added":130,"removed":150,"status":"success"},{"playlist":"Entraînement 2026🔥 HAUTE ÉNERGIE 🔥 MUSIQUE D’EXERCICE 🔥 PLAYLIST CARDIO 🔥 MEILLEURE MUSIQUE DE DANSE","account":"A S Team","added":130,"removed":50,"status":"success"},{"playlist":"BEST REMIXES OF ALL TIME ✨ TOP DANCE HITS & DJ MIX PLAYLIST","account":"Spitz Aura Records","added":130,"removed":153,"status":"success"},{"playlist":"MÚSICAS PARA CAMINHADA 2026 🔥 MÚSICAS ENERGÉTICAS 🔥 HITS PARA ANDAR 🔥 PLAYLIST FITNESS","account":"Spitz Aura Records","added":130,"removed":150,"status":"success"},{"playlist":"Beast Mode for Girlies 2026 💕💪🏼 Gym Motivation | Strong Women Workout & Confidence","account":"Amélie  Cochon","added":130,"removed":150,"status":"success"},{"playlist":"MÚSICA PARA CORRER 2026 💨 RUNNING PLAYLIST | CARDIO MUSIC | CANCIONES PARA ENTRENAR","account":"A S Team","added":130,"removed":145,"status":"success"},{"playlist":"Temazos Fiesta Discoteca 2026 🔥 Hits para Bailar | Música de Fiesta | Playlist Reggaeton, Pop & EDM","account":"Spitz Aura Records","added":130,"removed":153,"status":"success"},{"playlist":"Workout Jams for Baddies 2026 💅 Gym Music | High Energy Songs | Confident Workout Playlist","account":"Amélie  Cochon","added":130,"removed":150,"status":"success"},{"playlist":"Canzoni da Palestra 2026 🔥 Migliori Brani per Allenamento e Motivazione | Musica per la Palestra","account":"A S Team","added":130,"removed":150,"status":"success"},{"playlist":"Marathon Running Playlist 🏃‍♀️ Long Distance Training Music | Endurance Running Songs","account":"Spitz Aura Records","added":130,"removed":153,"status":"success"},{"playlist":"TRÄNINGSMUSIK 2026🔥 | GYMMUSIK | TRÄNINGSMOTIVATION | PEPTALK | TRÄNING | MOTIVATION HITS","account":"Amélie  Cochon","added":130,"removed":150,"status":"success"},{"playlist":"تمرين 2025🔥 طاقة عالية 🔥 موسيقى التمارين 🔥 قائمة تشغيل الكارديو 🔥 أفضل موسيقى الرقص 🔥","account":"A S Team","added":130,"removed":152,"status":"success"},{"playlist":"Trail Running Playlist 🏔️ Outdoor Running Songs | Mountain & Nature Run Music","account":"Spitz Aura Records","added":130,"removed":153,"status":"success"},{"playlist":"CYCLING MOTIVATION 2026🔥 | SPIN CLASS | HIGH ENERGY | ROAD BIKE | BASS BOOSTED | FITNESS HITS","account":"Amélie  Cochon","added":130,"removed":150,"status":"success"},{"playlist":"أغاني الجيم الضاربة 2026 🔥 أفضل موسيقى للتمارين والتحفيز | موسيقى للتمرين واللياقة","account":"A S Team","added":130,"removed":150,"status":"success"},{"playlist":"Ultramarathon Running Playlist 🏃 Extreme Endurance Training Music | Long Distance Songs","account":"Spitz Aura Records","added":130,"removed":153,"status":"success"},{"playlist":"Hits de Sport 2026 🔥 Meilleurs Titres pour l’Entraînement et la Motivation |Musique pour S’entraîner","account":"A S Team","added":130,"removed":150,"status":"success"},{"playlist":"TOP DANCE 2026🔥 | EDM HITS | PARTY MIX | CLUB BANGERS | FESTIVAL ANTHEMS | HOUSE MUSIC","account":"Amélie  Cochon","added":130,"removed":150,"status":"success"},{"playlist":"Powerlifting Workout Music 🔥 Heavy Gym Songs | Squat • Bench • Deadlift Playlist","account":"Spitz Aura Records","added":130,"removed":153,"status":"success"},{"playlist":"GYM TEMAZOS MOTIVACION 2026 🔥  Musica Para Gimnasio 2025 💪","account":"A S Team","added":130,"removed":150,"status":"success"},{"playlist":"SPORT GIRLS MOTIVATION 2026👑 | GYM MOTIVATION | BADDIE PUMP | FEMALE FITNESS | BASS BOOSTED HITS","account":"Amélie  Cochon","added":130,"removed":150,"status":"success"},{"playlist":"Bodybuilding Workout Music 💪 Pump Up Gym Songs | Muscle Training Playlist","account":"Spitz Aura Records","added":130,"removed":153,"status":"success"},{"playlist":"WORKOUT SONGS FOR GYM GIRLS 2026🔥 | GYM MOTIVATION | BADDIE PUMP | BASS BOOSTED | FITNESS","account":"Amélie  Cochon","added":130,"removed":150,"status":"success"},{"playlist":"PALESTRA MOTIVATION 2026 💪 CANZONI MOTIVAZIONALI & WORKOUT HITS","account":"Spitz Aura Records","added":130,"removed":153,"status":"success"},{"playlist":"HIGH ENERGY EDM 2026 ⚡ Dance Hits | Gym Motivation | Party Music | Best Electronic Anthems 🔥","account":"Amélie  Cochon","added":130,"removed":150,"status":"success"},{"playlist":"GYM SONGS 2026 🎀 WORKOUT PLAYLIST FOR GIRLIES | POP HITS | FITNESS MUSIC","account":"Spitz Aura Records","added":130,"removed":153,"status":"success"},{"playlist":"Baixa Pace 2026 🏃 Corrida Leve | Low Intensity Run | Treino Relaxante | Jogging | Running 🔥","account":"Amélie  Cochon","added":130,"removed":150,"status":"success"},{"playlist":"DEKA FIT Training Music 🏋️ Functional Fitness & Hybrid Workout Playlist","account":"Spitz Aura Records","added":130,"removed":153,"status":"success"},{"playlist":"Energetic Popular Songs 2026 ⚡️ Top Hits | Chart Toppers | High Energy Pop | Party Music 🔥","account":"Amélie  Cochon","added":130,"removed":150,"status":"success"},{"playlist":"Hyrox Training Music 🏋️‍♂️ Running & Strength Workout Playlist | Fitness Race Songs","account":"Spitz Aura Records","added":130,"removed":153,"status":"success"},{"playlist":"ENERGETIC POPULAR SONGS 2026🔥 | TIKTOK VIRAL | TOP HITS | VIBE CHECK | PARTY MIX | TRENDING","account":"Amélie  Cochon","added":130,"removed":145,"status":"success"},{"playlist":"Calisthenics Workout Music 🔥 Street Workout & Bodyweight Training Playlist","account":"Spitz Aura Records","added":130,"removed":153,"status":"success"},{"playlist":"HIGH ENERGY EDM 2026🔥 | FESTIVAL MIX | GYM PUMP | CLUB BANGERS | TECHNO | HARDSTYLE HITS","account":"Amélie  Cochon","added":130,"removed":145,"status":"success"},{"playlist":"Strongman Training Music 💪 Heavy Lifting Songs | Strength Athlete Workout Playlist","account":"Spitz Aura Records","added":130,"removed":153,"status":"success"},{"playlist":"Gym Muscle Mommies 2026 💪 Strong Women Workout | Powerlifting & Confidence Music","account":"Amélie  Cochon","added":130,"removed":150,"status":"success"},{"playlist":"CrossFit Training Music 💥 High Intensity WOD Songs | Extreme Workout Playlist","account":"Spitz Aura Records","added":130,"removed":153,"status":"success"},{"playlist":"Revenge Body | Gym Motivation Music | Transformation, Confidence & Power Training","account":"Amélie  Cochon","added":130,"removed":150,"status":"success"},{"playlist":"Running Music 180–190 BPM 🏃‍♂️ Fast Songs for Running | High Tempo Workout Playlist","account":"Spitz Aura Records","added":130,"removed":125,"status":"success"},{"playlist":"Hot Girls Lift Heavy💅 | Gym Motivation Music | Strong Women Workout & Power Training","account":"Amélie  Cochon","added":130,"removed":150,"status":"success"},{"playlist":"OCR & Obstacle Race Training Music 🏋️ Spartan • Hyrox • Tough Mudder Playlist","account":"Spitz Aura Records","added":130,"removed":153,"status":"success"},{"playlist":"Ginástica Funcional Animada 💪 Treino com Energia | Música para HIIT, Cardio e Foco Total","account":"Amélie  Cochon","added":130,"removed":150,"status":"success"},{"playlist":"Track & Field Running Music 🎵 Sprint Training Songs | Speed Workout Playlist","account":"Spitz Aura Records","added":130,"removed":153,"status":"success"},{"playlist":"Sports Pump Up Music 2026 | Intense Training & Workout Hype Songs for Athletes and Motivation","account":"Amélie  Cochon","added":130,"removed":145,"status":"success"},{"playlist":"Running at 200 BPM | Fast Tempo Music for Sprinting, Cardio & High Intensity Training","account":"Amélie  Cochon","added":130,"removed":150,"status":"success"},{"playlist":"Insane Pump Up Songs 2026 | Ultimate Hype Music Playlist | High Energy Workout & Motivation","account":"Amélie  Cochon","added":130,"removed":145,"status":"success"},{"playlist":"Street Racing Vibes 🏎 Night Drive Music | Bass Boosted Car Playlist | High Speed Energy","account":"Amélie  Cochon","added":130,"removed":150,"status":"success"},{"playlist":"Power Songs 💪 Motivation Music | Epic Energy Tracks | Feel Strong Playlist","account":"Amélie  Cochon","added":130,"removed":145,"status":"success"},{"playlist":"Músicas Animadas para Corrida – Running Hits | Treino Motivação","account":"Amélie  Cochon","added":130,"removed":145,"status":"success"}]','2026-03-20 12:56:12');
INSERT INTO sync_logs VALUES(9,'5010206e-11ab-4e94-895a-ad94305e2889','partial','[{"playlist":"ZONE 2 RUNNING MIX | EASY RUNNING MUSIC | ENDURANCE CARDIO PLAYLIST","childId":"cfa5a3db-6bde-4a7c-9bf1-f4ec353f5eb2","account":"Jean-Baptiste Cul-Sec","error":"Rate limited for 5507s — too long, skipping","status":"error"},{"playlist":"160-165 CADENCE RUNNING 💪 | 160 BPM RUNNING MUSIC | TEMPO RUN PLAYLIST | CARDIO TRAINING SONGS","childId":"f1e0ef63-2c67-46bb-8e04-a44089bbd6c7","account":"Jean-Baptiste Cul-Sec","error":"Rate limited for 5506s — too long, skipping","status":"error"},{"playlist":"RUNNING 150-160 BPM 2026 🏃 TREADMILL RUNNING | CARDIO WORKOUT | RUNNING MUSIC | FITNESS MOTIVATION 💪","childId":"42010c22-4323-4b7a-806a-9e2afa60a8c0","account":"Jean-Baptiste Cul-Sec","error":"Rate limited for 5506s — too long, skipping","status":"error"},{"playlist":"Running 150-160 BPM | 150-160 BPM Running Music | Tempo Run Playlist | Cardio Training Songs","childId":"e1720e36-0d84-4a98-947e-0cb9620821f5","account":"Jean-Baptiste Cul-Sec","error":"Rate limited for 5506s — too long, skipping","status":"error"},{"playlist":"170-171 BPM RUNNING SWEET SPOT ☺️ | RUNNING MUSIC | 170 BPM PLAYLIST | CARDIO TRAINING SONGS","childId":"3bdadc23-f36a-43d8-ae7e-d0ed1535ebcc","account":"Jean-Baptiste Cul-Sec","error":"Rate limited for 5506s — too long, skipping","status":"error"},{"playlist":"RUNNING HYPE PLAYLIST 2026 🔋 RUNNING MUSIC | HYPE WORKOUT SONGS | CARDIO MOTIVATION | GYM BEATS ⚡","childId":"1649d97c-75dd-42c3-9ef8-39f487cb9e3c","account":"Jean-Baptiste Cul-Sec","error":"Rate limited for 5506s — too long, skipping","status":"error"},{"playlist":"hot girl treadmill walk  2026 👟 | treadmill walk playlist | hot girl cardio | gym walking songs 🔥","childId":"e0e5de61-f789-4675-829e-65ea165c701d","account":"Jean-Baptiste Cul-Sec","error":"Rate limited for 5506s — too long, skipping","status":"error"},{"playlist":"RUNNING GIRLIES 2026 🎀 RUNNING PLAYLIST | GYM GIRLS | FITNESS | WORKOUT | FEMALE MOTIVATION 🎧","childId":"d4957d5d-b3a6-40db-a43d-68cba03e1fbf","account":"Jean-Baptiste Cul-Sec","error":"Rate limited for 5505s — too long, skipping","status":"error"},{"playlist":"ULTIMATE STRENGTH MIX 2026 | WORKOUT MUSIC | GYM LIFTING PLAYLIST | POWER TRAINING SONGS","childId":"90c14397-3e21-484e-b6f1-983cd1516131","account":"Jean-Baptiste Cul-Sec","error":"Rate limited for 5505s — too long, skipping","status":"error"},{"playlist":"EXERCISE MUSIC 2026 💦 | WORKOUT MUSIC | GYM TRAINING PLAYLIST | CARDIO MOTIVATION SONGS","childId":"bfb723b5-eb6c-46c9-9e3d-bfdff1c66026","account":"Jean-Baptiste Cul-Sec","error":"Rate limited for 5505s — too long, skipping","status":"error"}]','2026-03-20 16:19:07');
INSERT INTO sync_logs VALUES(10,'5010206e-11ab-4e94-895a-ad94305e2889','success','[{"playlist":"ZONE 2 RUNNING MIX | EASY RUNNING MUSIC | ENDURANCE CARDIO PLAYLIST","childId":"cfa5a3db-6bde-4a7c-9bf1-f4ec353f5eb2","account":"Jean-Baptiste Cul-Sec","added":130,"removed":152,"status":"success"},{"playlist":"160-165 CADENCE RUNNING 💪 | 160 BPM RUNNING MUSIC | TEMPO RUN PLAYLIST | CARDIO TRAINING SONGS","childId":"f1e0ef63-2c67-46bb-8e04-a44089bbd6c7","account":"Jean-Baptiste Cul-Sec","added":130,"removed":152,"status":"success"},{"playlist":"RUNNING 150-160 BPM 2026 🏃 TREADMILL RUNNING | CARDIO WORKOUT | RUNNING MUSIC | FITNESS MOTIVATION 💪","childId":"42010c22-4323-4b7a-806a-9e2afa60a8c0","account":"Jean-Baptiste Cul-Sec","added":130,"removed":152,"status":"success"},{"playlist":"Running 150-160 BPM | 150-160 BPM Running Music | Tempo Run Playlist | Cardio Training Songs","childId":"e1720e36-0d84-4a98-947e-0cb9620821f5","account":"Jean-Baptiste Cul-Sec","added":130,"removed":152,"status":"success"},{"playlist":"170-171 BPM RUNNING SWEET SPOT ☺️ | RUNNING MUSIC | 170 BPM PLAYLIST | CARDIO TRAINING SONGS","childId":"3bdadc23-f36a-43d8-ae7e-d0ed1535ebcc","account":"Jean-Baptiste Cul-Sec","added":130,"removed":152,"status":"success"},{"playlist":"RUNNING HYPE PLAYLIST 2026 🔋 RUNNING MUSIC | HYPE WORKOUT SONGS | CARDIO MOTIVATION | GYM BEATS ⚡","childId":"1649d97c-75dd-42c3-9ef8-39f487cb9e3c","account":"Jean-Baptiste Cul-Sec","added":130,"removed":156,"status":"success"},{"playlist":"hot girl treadmill walk  2026 👟 | treadmill walk playlist | hot girl cardio | gym walking songs 🔥","childId":"e0e5de61-f789-4675-829e-65ea165c701d","account":"Jean-Baptiste Cul-Sec","added":130,"removed":156,"status":"success"},{"playlist":"RUNNING GIRLIES 2026 🎀 RUNNING PLAYLIST | GYM GIRLS | FITNESS | WORKOUT | FEMALE MOTIVATION 🎧","childId":"d4957d5d-b3a6-40db-a43d-68cba03e1fbf","account":"Jean-Baptiste Cul-Sec","added":130,"removed":144,"status":"success"},{"playlist":"ULTIMATE STRENGTH MIX 2026 | WORKOUT MUSIC | GYM LIFTING PLAYLIST | POWER TRAINING SONGS","childId":"90c14397-3e21-484e-b6f1-983cd1516131","account":"Jean-Baptiste Cul-Sec","added":130,"removed":152,"status":"success"},{"playlist":"EXERCISE MUSIC 2026 💦 | WORKOUT MUSIC | GYM TRAINING PLAYLIST | CARDIO MOTIVATION SONGS","childId":"bfb723b5-eb6c-46c9-9e3d-bfdff1c66026","account":"Jean-Baptiste Cul-Sec","added":130,"removed":152,"status":"success"}]','2026-03-20 17:52:04');
INSERT INTO sync_logs VALUES(11,'b731cd91-d045-45c2-8b26-1f3d1f4c10a3','success','[{"playlist":"LATE NIGHT STUDY VIBE 🌙 DEEP FOCUS | MIDNIGHT | CHILL BEATS | Calm Study Playlist☕","childId":"278ed737-2cae-42bf-8b7a-cce384e8c6f6","account":"Jean-Baptiste Cul-Sec","added":150,"removed":100,"status":"success"},{"playlist":"Deep Focus Music For Concentration - Cosmic & Ambient Chillstep Music Mix For Work & Learning","childId":"120e1d0e-f8ba-41a2-a57f-37af26106cbb","account":"Spitz Aura Records","added":150,"removed":100,"status":"success"},{"playlist":"MUSIC FOR STUDYING 🎧 READING & FOCUS | CHILL STUDY MUSIC | CONCENTRATION SONGS | BACKGROUND MUSIC","childId":"78aeb72c-cf5c-4d05-a429-bdf34735acba","account":"A S Team","added":150,"removed":152,"status":"success"},{"playlist":"Faxina Animada 2026 🧽 Músicas para Limpar a Casa e Dançar Felizes","childId":"e93671e7-f5e7-4a1c-85c4-12359e11c44e","account":"Off Key.","added":150,"removed":152,"status":"success"},{"playlist":"LOCK-IN STUDY MUSIC 2026 🧠 DEEP FOCUS | BRAIN POWER | CONCENTRATION | WORK ","childId":"33075fa1-41c2-480c-95df-9aa0e52f3de6","account":"Jean-Baptiste Cul-Sec","added":150,"removed":100,"status":"success"},{"playlist":"STUDYING FOR EXAMS 📚 FOCUS MUSIC | STUDY PLAYLIST | CONCENTRATION SONGS","childId":"d4bb617e-bba7-45ab-900e-5605d2b48135","account":"A S Team","added":150,"removed":152,"status":"success"},{"playlist":"TEMAZOS PARA LIMPIAR LA CASA 🧽 MÚSICA MOTIVADORA 💃 PLAYLIST DE LIMPIEZA","childId":"dfd1054b-8fda-4623-9063-b9ddb312a855","account":"Off Key.","added":150,"removed":152,"status":"success"},{"playlist":"book reading playlist | Calm Soft Songs | Relaxing Study Focus Music","childId":"84e4abc8-57e8-42ae-b281-00a68d9f82fd","account":"Jean-Baptiste Cul-Sec","added":150,"removed":100,"status":"success"},{"playlist":"Músicas para Lojas 2026 🎶 Pop Internacional | Hits Relaxantes | Música Comercial | Playlist de Fundo","childId":"fa5d788c-52b0-449c-ae56-acd05198611e","account":"Off Key.","added":150,"removed":152,"status":"success"},{"playlist":"Intense Locked In Motivational Studying 🔒 Focus Music | Study Motivation Playlist |","childId":"1c64f7c8-b7a7-4765-a73e-20256f0a2e68","account":"Off Key.","added":150,"removed":152,"status":"success"}]','2026-03-20 18:40:40');
INSERT INTO sync_logs VALUES(12,'5010206e-11ab-4e94-895a-ad94305e2889','success','[{"playlist":"Correr 2026 🏃‍♂️ Só as Melhores Músicas para Correr, Treinar & Hits de Motivação","childId":"158dca81-1302-4139-aba9-0d0dbb0f5a65","account":"Spitz Aura Records","added":120,"removed":130,"status":"success"},{"playlist":"Temazos de Gimnasio 2026 🔥 Mejores Canciones para Entrenar y Motivarse | Música de Gimnasio","childId":"c7f3efba-2638-4371-a011-497f7e876eab","account":"A S Team","added":120,"removed":130,"status":"success"},{"playlist":"Jogging Music 2026 🔥 Running Hits 🔥 Cardio Motivation Playlist 🔥 Cardio Energy Songs","childId":"cd77a6f7-d207-4a61-ad5e-99ba07b31403","account":"Spitz Aura Records","added":120,"removed":130,"status":"success"},{"playlist":"TREINO ANIMADO 2026 🍑 💪 MÚSICAS PARA ACADEMIA | PLAYLIST FITNESS | HITS PARA MALHAR","childId":"45630d7e-2ef4-4df8-a43c-873b25878e40","account":"Off Key.","added":120,"removed":150,"status":"success"},{"playlist":"ZONE 2 RUNNING MIX | EASY RUNNING MUSIC | ENDURANCE CARDIO PLAYLIST","childId":"cfa5a3db-6bde-4a7c-9bf1-f4ec353f5eb2","account":"Jean-Baptiste Cul-Sec","added":120,"removed":130,"status":"success"},{"playlist":"Gym Mujeres 2026  🍑 Workout Femenino | Música para Glúteos, Fuerza y Confianza","childId":"67194202-e980-4ef4-94aa-3665586885dd","account":"Amélie  Cochon","added":120,"removed":130,"status":"success"},{"playlist":"SEXTOU INTERNACIONAL 2026 🌍 HITS DO MUNDO 🔥 MÚSICAS FESTA 🔥 PLAYLIST BALADA","childId":"3a3cc431-80be-4ab7-a0dc-ea15912e5334","account":"Spitz Aura Records","added":120,"removed":130,"status":"success"},{"playlist":"TOP 100 RUNNING SONGS 2026 🏃 BEST RUN PLAYLIST | CARDIO MUSIC | WORKOUT HITS","childId":"bd595b6d-ded3-46f8-a7b3-d8e8c1e66eab","account":"A S Team","added":120,"removed":130,"status":"success"},{"playlist":"Gym Para Chicas 2026 💪 Música Motivación | Workout Playlist | Canciones Fitness","childId":"3d1731fb-98a0-40dd-9300-1d33d35be48e","account":"Spitz Aura Records","added":120,"removed":130,"status":"success"},{"playlist":"FIT DANCE 2026 🍑 BAILE FITNESS 🔥 MÚSICA PARA ENTRENAR Y MOVER EL CUERPO","childId":"433e9d4b-2d10-4e18-8bfa-fc2e6c2f8044","account":"Off Key.","added":120,"removed":150,"status":"success"},{"playlist":"Actually Good Workout Music ⚡ High Energy Gym Songs | Best Workout Playlist | Curated Gym Playlist","childId":"0fe35b8e-e5e6-49e0-817b-0d3d04a8ae1a","account":"Amélie  Cochon","added":120,"removed":130,"status":"success"},{"playlist":"160-165 CADENCE RUNNING 💪 | 160 BPM RUNNING MUSIC | TEMPO RUN PLAYLIST | CARDIO TRAINING SONGS","childId":"f1e0ef63-2c67-46bb-8e04-a44089bbd6c7","account":"Jean-Baptiste Cul-Sec","added":120,"removed":130,"status":"success"},{"playlist":"BEST REMIXES OF ALL TIME ✨ TOP DANCE HITS & DJ MIX PLAYLIST","childId":"8c7ca091-bdf6-40a5-a538-75eb19fcde39","account":"Spitz Aura Records","added":120,"removed":130,"status":"success"},{"playlist":"Entraînement 2026🔥 HAUTE ÉNERGIE 🔥 MUSIQUE D’EXERCICE 🔥 PLAYLIST CARDIO 🔥 MEILLEURE MUSIQUE DE DANSE","childId":"a43dfa7c-8719-4d57-8f3c-981181a03205","account":"A S Team","added":120,"removed":130,"status":"success"},{"playlist":"Beast Mode for Girlies 2026 💕💪🏼 Gym Motivation | Strong Women Workout & Confidence","childId":"b7250844-244c-4838-ad9c-8285e0065c0d","account":"Amélie  Cochon","added":120,"removed":130,"status":"success"},{"playlist":"Power Cycling Mix 2026 ⚡ Indoor Spinning Playlist | High-Energy Cardio Music","childId":"81c31318-0263-4a34-9f4c-2dd7da08273b","account":"Off Key.","added":120,"removed":150,"status":"success"},{"playlist":"MÚSICAS PARA CAMINHADA 2026 🔥 MÚSICAS ENERGÉTICAS 🔥 HITS PARA ANDAR 🔥 PLAYLIST FITNESS","childId":"e0b8a45e-db7c-4bf3-a144-54aba0e7b5f0","account":"Spitz Aura Records","added":120,"removed":130,"status":"success"},{"playlist":"RUNNING 150-160 BPM 2026 🏃 TREADMILL RUNNING | CARDIO WORKOUT | RUNNING MUSIC | FITNESS MOTIVATION 💪","childId":"42010c22-4323-4b7a-806a-9e2afa60a8c0","account":"Jean-Baptiste Cul-Sec","added":120,"removed":130,"status":"success"},{"playlist":"CLUB PARTY MIX 2026 🔥 Club Bangers | Techno | Deutschrap | Hip Hop | Disco Partyhits | Classics","childId":"1e7f744e-b983-4c73-82d3-3ae153c32dac","account":"Off Key.","added":120,"removed":145,"status":"success"},{"playlist":"Temazos Fiesta Discoteca 2026 🔥 Hits para Bailar | Música de Fiesta | Playlist Reggaeton, Pop & EDM","childId":"e3795613-e8eb-4bfd-9a15-dfaa191a2747","account":"Spitz Aura Records","added":120,"removed":130,"status":"success"},{"playlist":"MÚSICA PARA CORRER 2026 💨 RUNNING PLAYLIST | CARDIO MUSIC | CANCIONES PARA ENTRENAR","childId":"b40e05ea-7074-4b18-a38b-c87010ec3e3f","account":"A S Team","added":120,"removed":130,"status":"success"},{"playlist":"Workout Jams for Baddies 2026 💅 Gym Music | High Energy Songs | Confident Workout Playlist","childId":"fed769c1-d976-403a-b87a-5ce9c32ed561","account":"Amélie  Cochon","added":120,"removed":130,"status":"success"},{"playlist":"Running 150-160 BPM | 150-160 BPM Running Music | Tempo Run Playlist | Cardio Training Songs","childId":"e1720e36-0d84-4a98-947e-0cb9620821f5","account":"Jean-Baptiste Cul-Sec","added":120,"removed":130,"status":"success"},{"playlist":"Marathon Running Playlist 🏃‍♀️ Long Distance Training Music | Endurance Running Songs","childId":"1b639cb9-cc92-4f14-a2b0-90237bc59866","account":"Spitz Aura Records","added":120,"removed":130,"status":"success"},{"playlist":"Hot Girl Clubbing Music 2026 🔥 Party Songs | Dance Hits | Club Playlist | Night Out Vibes","childId":"e8a06055-95e2-425a-89c2-4099fefb65f7","account":"Off Key.","added":120,"removed":145,"status":"success"},{"playlist":"Canzoni da Palestra 2026 🔥 Migliori Brani per Allenamento e Motivazione | Musica per la Palestra","childId":"26c518d7-2f2c-4128-b4ba-c18e4142ef14","account":"A S Team","added":120,"removed":130,"status":"success"},{"playlist":"TRÄNINGSMUSIK 2026🔥 | GYMMUSIK | TRÄNINGSMOTIVATION | PEPTALK | TRÄNING | MOTIVATION HITS","childId":"6fbdf296-8752-47dc-905d-913ff72166c7","account":"Amélie  Cochon","added":120,"removed":130,"status":"success"},{"playlist":"170-171 BPM RUNNING SWEET SPOT ☺️ | RUNNING MUSIC | 170 BPM PLAYLIST | CARDIO TRAINING SONGS","childId":"3bdadc23-f36a-43d8-ae7e-d0ed1535ebcc","account":"Jean-Baptiste Cul-Sec","added":120,"removed":130,"status":"success"},{"playlist":"Trail Running Playlist 🏔️ Outdoor Running Songs | Mountain & Nature Run Music","childId":"5bbf6ab0-b229-4553-ae36-ac1d41d75f31","account":"Spitz Aura Records","added":120,"removed":130,"status":"success"},{"playlist":"CYCLING MOTIVATION 2026🔥 | SPIN CLASS | HIGH ENERGY | ROAD BIKE | BASS BOOSTED | FITNESS HITS","childId":"fac52bf2-5bec-4e7a-9c11-ff5d5283563e","account":"Amélie  Cochon","added":120,"removed":130,"status":"success"},{"playlist":"تمرين 2025🔥 طاقة عالية 🔥 موسيقى التمارين 🔥 قائمة تشغيل الكارديو 🔥 أفضل موسيقى الرقص 🔥","childId":"6370dada-716c-410c-b0ba-acf704864e51","account":"A S Team","added":120,"removed":130,"status":"success"},{"playlist":"Casino Party Vibes 🎲 Vegas Night Playlist | EDM & Pop Hits | High Energy Music","childId":"5fb5f629-573e-4065-89d8-2bc862f3352c","account":"Off Key.","added":120,"removed":150,"status":"success"},{"playlist":"RUNNING HYPE PLAYLIST 2026 🔋 RUNNING MUSIC | HYPE WORKOUT SONGS | CARDIO MOTIVATION | GYM BEATS ⚡","childId":"1649d97c-75dd-42c3-9ef8-39f487cb9e3c","account":"Jean-Baptiste Cul-Sec","added":120,"removed":130,"status":"success"},{"playlist":"Ultramarathon Running Playlist 🏃 Extreme Endurance Training Music | Long Distance Songs","childId":"bf375080-21ea-4498-b84e-2347c7f2143a","account":"Spitz Aura Records","added":120,"removed":130,"status":"success"},{"playlist":"أغاني الجيم الضاربة 2026 🔥 أفضل موسيقى للتمارين والتحفيز | موسيقى للتمرين واللياقة","childId":"9327c9d4-d62e-4484-8f6c-67a3e8cc3198","account":"A S Team","added":120,"removed":130,"status":"success"},{"playlist":"TOP DANCE 2026🔥 | EDM HITS | PARTY MIX | CLUB BANGERS | FESTIVAL ANTHEMS | HOUSE MUSIC","childId":"9b1eb273-0344-4521-8847-1327c1f603af","account":"Amélie  Cochon","added":120,"removed":130,"status":"success"},{"playlist":"hot girl treadmill walk  2026 👟 | treadmill walk playlist | hot girl cardio | gym walking songs 🔥","childId":"e0e5de61-f789-4675-829e-65ea165c701d","account":"Jean-Baptiste Cul-Sec","added":120,"removed":130,"status":"success"},{"playlist":"Powerlifting Workout Music 🔥 Heavy Gym Songs | Squat • Bench • Deadlift Playlist","childId":"2f502448-718c-46d5-86e1-9d0ee965e525","account":"Spitz Aura Records","added":120,"removed":130,"status":"success"},{"playlist":"SPORT GIRLS MOTIVATION 2026👑 | GYM MOTIVATION | BADDIE PUMP | FEMALE FITNESS | BASS BOOSTED HITS","childId":"64cdda9e-29e1-4fbd-82b6-31313c9b9788","account":"Amélie  Cochon","added":120,"removed":130,"status":"success"},{"playlist":"Hits de Sport 2026 🔥 Meilleurs Titres pour l’Entraînement et la Motivation |Musique pour S’entraîner","childId":"7311257b-cfb5-4985-aeb1-ae88d8931b78","account":"A S Team","added":120,"removed":130,"status":"success"},{"playlist":"RUNNING GIRLIES 2026 🎀 RUNNING PLAYLIST | GYM GIRLS | FITNESS | WORKOUT | FEMALE MOTIVATION 🎧","childId":"d4957d5d-b3a6-40db-a43d-68cba03e1fbf","account":"Jean-Baptiste Cul-Sec","added":120,"removed":130,"status":"success"},{"playlist":"Bodybuilding Workout Music 💪 Pump Up Gym Songs | Muscle Training Playlist","childId":"0fa03048-e362-4911-b2d0-07ad51ca5b4a","account":"Spitz Aura Records","added":120,"removed":130,"status":"success"},{"playlist":"WORKOUT SONGS FOR GYM GIRLS 2026🔥 | GYM MOTIVATION | BADDIE PUMP | BASS BOOSTED | FITNESS","childId":"ffbb160c-ee6e-4e14-acc7-d4f9ead55a63","account":"Amélie  Cochon","added":120,"removed":130,"status":"success"},{"playlist":"GYM TEMAZOS MOTIVACION 2026 🔥  Musica Para Gimnasio 2025 💪","childId":"7d258628-c70f-48cf-8a28-18cedf4f6f5a","account":"A S Team","added":120,"removed":130,"status":"success"},{"playlist":"ULTIMATE STRENGTH MIX 2026 | WORKOUT MUSIC | GYM LIFTING PLAYLIST | POWER TRAINING SONGS","childId":"90c14397-3e21-484e-b6f1-983cd1516131","account":"Jean-Baptiste Cul-Sec","added":120,"removed":130,"status":"success"},{"playlist":"PALESTRA MOTIVATION 2026 💪 CANZONI MOTIVAZIONALI & WORKOUT HITS","childId":"6e7fbd07-4098-4a99-947f-9b4466cdd405","account":"Spitz Aura Records","added":120,"removed":130,"status":"success"},{"playlist":"HIGH ENERGY EDM 2026 ⚡ Dance Hits | Gym Motivation | Party Music | Best Electronic Anthems 🔥","childId":"6843e950-441c-4a3e-8edb-b0d41a1ec5da","account":"Amélie  Cochon","added":120,"removed":130,"status":"success"},{"playlist":"EXERCISE MUSIC 2026 💦 | WORKOUT MUSIC | GYM TRAINING PLAYLIST | CARDIO MOTIVATION SONGS","childId":"bfb723b5-eb6c-46c9-9e3d-bfdff1c66026","account":"Jean-Baptiste Cul-Sec","added":120,"removed":130,"status":"success"},{"playlist":"GYM SONGS 2026 🎀 WORKOUT PLAYLIST FOR GIRLIES | POP HITS | FITNESS MUSIC","childId":"11d0b2c3-915d-469c-ae50-0d924599b5a8","account":"Spitz Aura Records","added":120,"removed":130,"status":"success"},{"playlist":"Baixa Pace 2026 🏃 Corrida Leve | Low Intensity Run | Treino Relaxante | Jogging | Running 🔥","childId":"4932ef21-3c84-4a33-91da-e977a0068f26","account":"Amélie  Cochon","added":120,"removed":130,"status":"success"},{"playlist":"DEKA FIT Training Music 🏋️ Functional Fitness & Hybrid Workout Playlist","childId":"bdf7f920-b81a-43fb-8c4c-d91db34da5d5","account":"Spitz Aura Records","added":120,"removed":130,"status":"success"},{"playlist":"Energetic Popular Songs 2026 ⚡️ Top Hits | Chart Toppers | High Energy Pop | Party Music 🔥","childId":"ec1138f1-e998-4a0e-9056-e6fa27a60aa4","account":"Amélie  Cochon","added":120,"removed":130,"status":"success"},{"playlist":"Hyrox Training Music 🏋️‍♂️ Running & Strength Workout Playlist | Fitness Race Songs","childId":"c3507fd1-5f4e-48b6-bd56-e69ec81b615e","account":"Spitz Aura Records","added":120,"removed":130,"status":"success"},{"playlist":"ENERGETIC POPULAR SONGS 2026🔥 | TIKTOK VIRAL | TOP HITS | VIBE CHECK | PARTY MIX | TRENDING","childId":"a4845751-dc8d-4c0d-9a57-483ab3bbbef9","account":"Amélie  Cochon","added":120,"removed":130,"status":"success"},{"playlist":"Calisthenics Workout Music 🔥 Street Workout & Bodyweight Training Playlist","childId":"1755aa9f-5de7-4884-9267-8ff6660f194b","account":"Spitz Aura Records","added":120,"removed":130,"status":"success"},{"playlist":"HIGH ENERGY EDM 2026🔥 | FESTIVAL MIX | GYM PUMP | CLUB BANGERS | TECHNO | HARDSTYLE HITS","childId":"cd1b66a0-62b7-42c4-80bd-6a6e5fbb0599","account":"Amélie  Cochon","added":120,"removed":130,"status":"success"},{"playlist":"Strongman Training Music 💪 Heavy Lifting Songs | Strength Athlete Workout Playlist","childId":"dd6a4554-bd4c-4065-a629-27a5633e7c53","account":"Spitz Aura Records","added":120,"removed":130,"status":"success"},{"playlist":"Gym Muscle Mommies 2026 💪 Strong Women Workout | Powerlifting & Confidence Music","childId":"f4e80f38-2e3e-4902-8250-15f7324b586f","account":"Amélie  Cochon","added":120,"removed":130,"status":"success"},{"playlist":"CrossFit Training Music 💥 High Intensity WOD Songs | Extreme Workout Playlist","childId":"8cad6058-00e4-4a11-819c-7fab4b0d7c64","account":"Spitz Aura Records","added":120,"removed":130,"status":"success"},{"playlist":"Revenge Body | Gym Motivation Music | Transformation, Confidence & Power Training","childId":"4f9f2490-1ee3-4d04-bc40-4fc0a585d46e","account":"Amélie  Cochon","added":120,"removed":130,"status":"success"},{"playlist":"Running Music 180–190 BPM 🏃‍♂️ Fast Songs for Running | High Tempo Workout Playlist","childId":"1cac929e-f35d-4f42-bdfe-1242415d754d","account":"Spitz Aura Records","added":120,"removed":134,"status":"success"},{"playlist":"Hot Girls Lift Heavy💅 | Gym Motivation Music | Strong Women Workout & Power Training","childId":"84bb8d41-4afd-4486-886d-43e4a4ae4871","account":"Amélie  Cochon","added":120,"removed":130,"status":"success"},{"playlist":"OCR & Obstacle Race Training Music 🏋️ Spartan • Hyrox • Tough Mudder Playlist","childId":"8efe9d66-701e-4eaf-ad1f-f22a562db4c5","account":"Spitz Aura Records","added":120,"removed":130,"status":"success"},{"playlist":"Ginástica Funcional Animada 💪 Treino com Energia | Música para HIIT, Cardio e Foco Total","childId":"7361c452-3e5a-438c-beb3-48171f5df0aa","account":"Amélie  Cochon","added":120,"removed":130,"status":"success"},{"playlist":"Track & Field Running Music 🎵 Sprint Training Songs | Speed Workout Playlist","childId":"853d56a3-1c39-4099-b968-aa45fccafd14","account":"Spitz Aura Records","added":120,"removed":130,"status":"success"},{"playlist":"Sports Pump Up Music 2026 | Intense Training & Workout Hype Songs for Athletes and Motivation","childId":"b3d7e605-59cd-4055-93af-0e0cb46e97dd","account":"Amélie  Cochon","added":120,"removed":130,"status":"success"},{"playlist":"Running at 200 BPM | Fast Tempo Music for Sprinting, Cardio & High Intensity Training","childId":"20739d5a-7121-484d-b262-221ac4a970c3","account":"Amélie  Cochon","added":120,"removed":130,"status":"success"},{"playlist":"Insane Pump Up Songs 2026 | Ultimate Hype Music Playlist | High Energy Workout & Motivation","childId":"ab95d646-ce21-4eb4-b5de-30decc9bf2b9","account":"Amélie  Cochon","added":120,"removed":130,"status":"success"},{"playlist":"Street Racing Vibes 🏎 Night Drive Music | Bass Boosted Car Playlist | High Speed Energy","childId":"3e820c50-9c52-4e3c-8947-4a8d251bda03","account":"Amélie  Cochon","added":120,"removed":130,"status":"success"},{"playlist":"Power Songs 💪 Motivation Music | Epic Energy Tracks | Feel Strong Playlist","childId":"b21f5322-c93e-440a-b929-ac74703dea65","account":"Amélie  Cochon","added":120,"removed":130,"status":"success"},{"playlist":"Músicas Animadas para Corrida – Running Hits | Treino Motivação","childId":"c008189b-f418-41e6-bcce-9a3a65c433ff","account":"Amélie  Cochon","added":120,"removed":130,"status":"success"}]','2026-03-20 19:23:18');
CREATE TABLE trades (
    id TEXT PRIMARY KEY,
    name TEXT,
    track_uris TEXT NOT NULL,
    playlist_ids TEXT NOT NULL,
    duration_days INTEGER NOT NULL DEFAULT 28,
    created_at TEXT DEFAULT (datetime('now')),
    expires_at TEXT NOT NULL,
    status TEXT DEFAULT 'active',
    notes TEXT
  );
INSERT INTO trades VALUES('7ede4955-f330-408f-840a-b749af2227fd','Tattoo — Lynhare, Levis Della, Sanduú','"[]"','"[]"',28,'2026-03-21 22:59:39','2026-04-18 22:59:39','cancelled','[PAST TRADE] Created: 2026-03-13 | Playlists: workout master');
INSERT INTO trades VALUES('ec197eef-6bd9-4036-98dc-74a03b8e2ab8','Tattoo — Lynhare, Levis Della, Sanduú','"[]"','"[]"',28,'2026-03-21 22:59:42','2026-04-18 22:59:42','cancelled','[PAST TRADE] Created: 2026-03-13 | Playlists: workout master');
INSERT INTO trades VALUES('e00ceadf-674f-47e7-b8eb-a7fa800115fb','Tattoo — Lynhare, Levis Della, Sanduú','"[]"','"[]"',28,'2026-03-21 23:02:10','2026-04-18 23:02:10','cancelled','[PAST TRADE] Created: 2026-03-13 | Playlists: workout master');
INSERT INTO trades VALUES('5fa1a993-11c3-4a8c-8464-b7887d47a89d','Tattoo — Lynhare, Levis Della, Sanduú','"[]"','"[]"',28,'2026-03-21 23:03:54','2026-04-18 23:03:54','cancelled','[PAST TRADE] Created: 2026-03-13 | Playlists: workout master');
INSERT INTO trades VALUES('78a70c40-fc1e-4616-b52f-4f78440926f9','Tattoo — Lynhare, Levis Della, Sanduú','"[]"','"[]"',28,'2026-03-21 23:07:25','2026-04-10 00:00:00','active','[PAST TRADE] Created: 2026-03-13 | Playlists: workout master');
INSERT INTO sqlite_sequence VALUES('sync_logs',12);
COMMIT;
